AmbassadorBauer,
desposito_ffp,
DrFriedenCDC,
marieharf,
NSF_ERE,
OPAHIT,
SecretaryFoxx,
USAIDIraq,
USGS_Mining,
USTranspoSec,
WendyCNCS,
WoWExpress,
DrDeanCDC,1002088866
NOAA_OMAO,1006382972
NMCP1,101760634
Farah_Pandith,101782947
USNatArchives,101802390
OficialCCBEU,101820339
USSOCOM,1018222248
amcornerzig,1018312752
NCITechTransfer,102055258
NASASCaN,1020586868
EmbajadaEEUUcl,102061279
NIDAnews,102234123
NASA_SpaceGrant,1022563574
NcacReac,1022701195
CivilWarNavy,102424555
VicGlover,1024391197
USCGAlaska,102442011
DrKhabbazCDC,1024647800
NavyMedicine,102476242
Voaburmese,102499820
SurfaceWarriors,102722975
LavaBedsNPS,1033366699
FulbrightUA,103881379
MammothCaveNP,103951557
cleerxn,104160160
GSAR6smallbiz,104196337
NASAGoddardPix,104201057
NAC_Exams,104271017
USConnect,104380910
VOAKreyol,104530331
MinorityHealth,104576097
NHCQuantico,104650346
USAID_OIG,1050374730
JTIP_State,105164603
AmericaGovFr,105220344
USAID_Haiti,105225912
JFK1962,1052404976
Astro_Nicholas,105263800
USSNormandy,105291845
PeaceCorpsLive,1057993916
WhiteHouseHstry,106448460
VAPaloAlto,106473094
AmericaGovEsp,106496565
us_navyseals,106597684
CNCSOIG,106779531
StateMag,106807416
apswest2010,107052755
YouLabPistoia,1070591468
USAIDEgypt,107065007
saoastro,107154310
NASAglenn,107172099
ConsEEUUGYE,107188493
NSA_MidSouth,107423783
IMARCInfo,1074510908
CentcomDari,1074651187
NWSCaribou,1079654130
EdUSATallinn,108343136
NASBrunswickME,108377796
IHCIHN,1084333172
voasomali,108437200
usembassysamoa,108508328
educationUSAPA,108582919
ONC_HealthIT,108638625
USCGGuadalajara,108738277
EducationUSA_PH,1088393834
ARSParis,108882147
ArmyChaplains,1089287436
Fulbright_PH,1090728618
SnejanaTeneva,1092675516
FDAanimalhealth,109290405
Fed_Careers,1093113236
USGSND,109314113
NCHStats,109375152
Astro_Clay,109571377
EPAgreenbldg,109659449
USAIDMongolia,1097454882
USEmbassyIC,1097577259
OJPOVC,1101458575
Josh_WrightFTC,11018162
USConGenNRW,110375552
LBJohnsonNPS,110476515
lovellfhcc,110499962
CommerceGov,110541296
EPAsmartgrowth,110789343
Astro_Kate7,1109421360
USAmbGreece,111021184
nationalatlas,11133012
CDCMMWR,111354912
JUNROTC,111370576
CERDEC,111371523
SeguridadConsum,1114472695
AstroTerry,1115148079
USEmbAbidjan,1116262315
VANorCal,111705795
AFHSBPAGE,1117395169
PetrifiedNPS,111932837
NavalBeachGru2,112171044
USEmbBaghdad,112356528
AMC_Moscow,112750926
usconsulyekat,112938969
npmap,113191688
SwampWorks_KSC,1132097010
BibLincoln,113389709
NASA,11348282
USSHALSEY,113541223
acpodgorica,113605440
LBJLibrary,113729414
USGSNewsAll,1147926169
USGSNewsBio,1148139818
USGSNewsClimate,1148211031
USGSNewsTech,1148231588
USGSNewsEnergy,1148284062
USGSNewsEnv,1148329722
USGSNewsMapping,1148345448
USGSNewsHazards,1148387713
USGSNewsPlanet,1148402174
USGSNewsWater,1148416580
Fogarty_NIH,115472158
Rewards4Justice,1155083492
acbeujf,115544006
NRDLOSANGELES,115694581
USGS_GDP,1157169828
SecretService,115749048
EDPressSec,115911638
edusasonora,1161174145
sscpacific,116840682
FulbrightBE,117073381
NIOSHConstruct,117148684
NHLBI_SBIR,1171815806
usembassyMVD,117388701
DefenseIntel,117439544
NCISymptomMgmt,117514658
WoodsonNHS,1176052106
epaburnwise,117760301
JEBLCFS,117792338
SECNAV,117821354
RedwoodNPS,117874971
NCI_CRiM,1179651200
BobGodec,1181575242
lisapjackson,1182675871
EdUSABrasilia,1185701606
EmbajadaEEUUarg,118704347
discovercivwar,118828021
CDCSTD,118828764
usembarmenia,119023613
talkHIV,119061808
USASAC,119065316
Amtrak,119166791
NiobraraNSR,119184742
NRD_Phoenix,119443956
YourIslandPark,119460394
USGSLive,119496702
EDVAnews,119516847
USGS_Idaho,119542932
WOA_Ukraine,1196858215
ICBEUManaus,119745188
KyivAmericanLib,1197728359
USCGPeshawar,1200410402
CoachingIn2Care,120121346
GSA_OIG,1201642531
USTreasury,120176950
LSatUSAID,1205727086
SanAntonioVAMC,121236173
MorristownNPS,121504426
CCBEUTupaSP,121602931
VOATigrigna,1219557044
mmsu_ac,122064333
CCPA_paraguay,122161263
EPAclimatectr,1222305212
FHFA,1223130229
USAIDBurma,1225313046
Astro_Sabot,1227517303
NatlBlueRibbon,1227832782
PearsonAirMus,1228238532
NOAA_CINMS,1228588171
usembassymkd,1229437219
USCitsBrazil,1229912053
GSA_RPdisposal,123263546
opicgov,123334719
StateINL,123635567
SPAWARHQ,123639299
AmbasadaSUA,1241168023
chandraxray,12415722
VA_OEF_OIF,124163000
usdaRD,124196924
GSASBGWAC,124231122
NMSC_StorageGuy,124300188
USGSstore,124496369
TheNCUA,124501609
GrantsTombNPS,124544375
EEOCespanol,1249907929
FortPulaskiNPS,125036749
NAMRU3,125068588
VAPittsburgh,125416629
DLAMIL,125462428
mdvagov,125984385
GlobalDevLab,1260176245
TRBirthplaceNPS,126032312
FederalHallNPS,126032803
PAOFWA,126063349
IkeLibrary,126086206
CDC_NCEZID,1262167370
CDC_EIDjournal,1262257472
HELPCmteDems,1262362578
LibertyNWS,126307519
ThePFPA,126352940
WrightBrosNPS,126689571
3D_Digi_SI,127108489
USEmbassyBern,127512810
voakhmer,127631608
USGS_OR,127912925
OSMRE,127944925
VASanDiego,127948112
Astro_Wheels,127958577
llckabulu,1280050435
ACPljevlja,1280298416
USWMagazine,128240548
VAButlerPA,128240578
USAmbUK,1283775062
AmEmbTZ,128534762
USGSNeb,128585983
UnderSecPD,12858902
EngageState,128594349
StateDeptCT,1286202108
GSAtravelpolicy,128638647
SalemMartimeNPS,128644480
WarriorCare,128645212
KalaupapaNPS,128650896
EDARNEWS,1288845787
NIOSHtransport,129536787
FortRaleighNPS,129805250
CTOEnlisted,129895271
USEmbYaounde,1299489810
AstroKarenN,1299995892
NPSParkCLP,1300922136
FLEXAlumniRusFE,1302151170
StevensInit,130232751
FEB_Minnesota,130521034
NIHOBSSR,130593516
AfAmEducation,1307544762
USembMoldova,130804178
VANYHarbor,130831060
USAO_Kansas,1309051932
USEmbassyKG,131031879
FloridaKeysNMS,1311640225
DESRON40,131192843
FedCenter,131207810
CapeLookoutNPS,131267046
NCIGlobalHealth,1314082928
NASA_EDGE,13176312
WomensHealthNIH,132241469
USMEPI,132273760
DeniseUSGSA,1323110707
USEmbPristina,1324616624
AmericanSpaceVL,1326576727
DinosaurNPS,132670126
usconslyon,132897875
NIEarmy,1329122521
NASAspitzer,133067266
DCVAMC,133359053
USEmbassyHaiti,133379712
ACFHHS,1337539945
USEmbCuba,133769083
FLEXalumniKG,1338776906
BetterBldgsDOE,1340140518
SecretaryJewell,1342861723
poolsafely,134938824
CDCTobaccoFree,135265904
NASA_NEEMO,135275592
USGSASchedules,13530842
educationusaHND,1354932888
VOAAmharic,135595245
OfficeGovEthics,1357975226
visitthecapitol,135931182
GoUSAgov,136020626
USAIDEnviro,1360417214
USAIDEconomic,1360432832
voahausa,136297538
USEmbassySV,1364880882
EPAnorthwest,1365178280
GuadalupeMtnsNP,1373255234
PHEgov,137450696
Digital_Gov,137454693
nasagogblog,137508423
DVIDSInTheFight,138039929
EPAcleanuptech,138204517
GoHealthyPeople,138530516
USAIDAfghan,138658724
HMP,13873072
NewRiverNPS,1387530410
NAVOCEANO_SSC,1392658543
EnergySecMoniz,1393155566
NWSOPC,1394917244
NCICRCHD,1395282313
WhatWorksED,1397932544
bicpnapiura,139837737
EnergyStarNBC,140113946
visageorge,140154156
NAWS_CL,140220625
FDADeviceInfo,140427956
BLMNational,140457196
USFWSSac,1405956853
ACSFSM,1406801804
EPAweb,14073029
USAgov,14074515
usembnouakchott,1407934586
EFTPS,140823747
usaidparaguay,140887001
FBILEB,1408879261
NASA_Giovanni,140893518
NASAHubble,14091091
pubchem,1411135812
tommer,14118981
USFWSVero,141237751
FLEX_Alumni_UA,1413557276
USEmbassyDili,141746127
rvmanta,1418201606
CDCANews,1418239458
smithsonian,14199378
NMNH,14207863
WDPAnews,1426283958
CECweb,142800075
SenateHistory,1428441589
GobiernoUSA,14287409
WDKYnews,1430583037
CDC_EPHTracking,143061509
NDFLnews,1430841397
StateDeptGFS,1430868084
NICoEPage,143151672
annmei,14331600
NOAA,14342564
USVisaTokyo,1434765180
NASA_GESDISC,143491086
State_SCA,143568410
BuffaloNPS,143838454
PavilionLake,14422617
PrepareAthon,1444183922
icpna_rc,1444881582
USGS,14505838
ACBujanovac,1451382188
ACKragujevac,1451383021
ACSubotica,1451410400
Space_Station,1451773004
CapeHatterasNPS,145312903
Nagoya_AC,145445329
NASARMC,145645192
EmbassyConakry,145653919
usacetulsa,145663854
EPA,14615871
EPAblog,14616022
EdUSAIran,146169125
EdUSACevaz,146198646
USCIS,14625398
OPRE_ACF,1464972278
NRD_Seattle,146569562
CDCgov,146569971
EDGreenRibbon,1467410538
NASAGISS,1467609360
EducationUSAPy,146871011
MarsPhoenix,14693823
americanart,14803372
WDTNNews,1480702603
SDILNews,1482442440
StateDeptPM,1482535734
ED_OII,1482580333
DrMerminCDC,148463866
CDC_HIVAIDS,148477475
airandspace,14848513
BrooksCamp,14852212
SmithsonianJazz,1485420320
FireIslandNPS,148544499
USAinUK,14856951
LRO_NASA,14944532
lcross_nasa,14982575
NASALADEE,14982625
JohnKerry,15007149
NASAFermi,15009735
PlanetQuest,15032736
AstroClass2013,1506369180
NASAcio,150669405
AstrobiologyNAI,15078840
FoodSafety,15091978
SILibraries,15092914
NASASun,15102849
SUBGRU10,151085374
USCG,15113565
OSIRISREx,15113584
RichmondNPS,151148315
DESERT_RATS,15117459
amspacesph,1512190699
NIH,15134240
BLMNIFC,151543424
USConsuladoHer,151560521
CassiniSaturn,15165493
MarsRovers,15165502
HubbleTelescope,15169176
BizUSA,15170346
Gipper_76,151916583
NIH_ODS,151936506
HouseBudgetDems,151963505
NMNH_Entomology,1522179686
Astro_Jessica,1524976560
acpatna,152598147
NimitzNews,15267559
USAO_NJ,1528027123
lunder,15280603
USAIDGH,152866991
NASAPrize,15293735
ibeuv_bnc,153021961
ClevelandVAMC,153075877
GinaEPA,1530850933
USCBO,1531265618
SBAgov,153149305
FEBTV,153224022
FulbrightDE,1533483530
AstroAnnimal,1533844754
EDNYnews,1534801405
DSDNews1,1534983313
SDMSNews,1535006467
AIDSgov,15368404
USAIDAfrica,1536938744
NASAhistory,153784150
BLMca,153882465
NASAenvcomm,15433973
MOhlhausenFTC,1543428866
moira,15454651
EdUSAtips,15454910
StateYouth,1545607255
ONDCP44,15460572
NASAClimate,15461733
ACSTokyo,1547074376
MarsCuriosity,15473958
ProjectMyUSA,1548372378
NASAAmes,15519544
GSARegion5,155546889
jonstivers,155706407
CDC_eHealth,15587500
NEHgov,155987003
USCommercialSvc,1561164668
JamesCostos,1561513992
SingaporeFFR,1562478254
SafiraDeborah,1562759204
SEC_Investor_Ed,15633653
CLSscholarship,156365740
GSAR4OSBU,156366520
AC_Panama,1564153730
BLMOregon,156427983
DHSgov,15647676
TravelGov,15649433
SDOHnews,1565943673
NASA_APPEL,15662569
NHJAX,156634057
USDANutrition,156969952
EPAwatersense,157054525
NMC2014,1570617860
NRCS_NM,1570654669
RIMPAC2010,157116193
PipeSpringNPS,1571411364
USAInteracts,15780750
usnhyokosuka,157932267
USConsMilan,157947389
FDATobacco,158006058
NVNationalGuard,1581330194
SIFund,1581443442
sanctuaries,15822969
USAO_RI,1583852822
CDC_Cancer,158396052
USEmbassySyria,158658574
usembassykl,159002621
NYHarborPrksNPS,159182191
NASA_LSP,15921684
MontezumaNPS,1594010905
TuzigootNPS,1594158871
YourCommissary,15947198
WhiteHouseAAPI,159582860
NASA_Technology,159588456
NIHforHealth,1596065486
afneurope,15978849
EDWInews,1598527195
USGSMinerals,1601300684
usconstoronto,1601714904
oceanexplorer,16027546
Readygov,16028241
MESSENGER2011,16029857
NIBIBgov,1603605517
icbeupatrocinio,160382181
EPAGov,1604108887
uspto,16057477
USConsWinnipeg,1605991334
FDA_MCMi,1606025952
afriCoderDojo,1609293662
FAANews,160946337
VCBHCS,160976739
NTSB,161023696
EEOC_OFO,16116713
USACEHQ,161329769
USSWaspLHD1,1613573792
USFWSMNValley,161362748
atamerica,161482772
AmbPower44,1615463502
NIH_OER,1615479780
NIHforFunding,1615807862
USAO_HI,1616071380
USFWSMtnPrairie,161705350
AstroRobonaut,161760542
ChallengeGov,161811364
insidevoa,16183601
CordellBank,16186865
usembassytogo,162000141
doescience,162118290
NSF,16245822
VOANews,16273831
ABPPNPS,1633092109
inlbureau,1633823419
FERC,16380122
MikeHammerUSA,1638184640
trainastronaut,163908442
USEmbassyBbdos,163910493
USDAFoodSafe_es,163973699
tucson_navy,164028885
CVN_72,1640963209
SDFLnews,1648019161
BJIasi,1650850320
AnimalWelfareIC,16526459
HRNM,16529358
ddg86,1656080065
flynavy,16565260
NASAKennedy,16580226
RepMikeHonda,16583468
NCIExhibits,165868331
CustomsBorder,16613128
NPSArcheology,166153652
CDCFlu,16616061
NOAAOceanToday,16619904
ENERGY,166252256
FragileOasis,166273518
NPS_HydePark,16629724
hirshhorn,16650023
WJCLibrary,166655653
fema,16669075
andeNHS,1671375223
DiplomacyLab,1673554219
PotomacHeritage,167400343
ACvlora,1678655612
USEmbPhnomPenh,167992419
icontherecord,1683318644
CDPfema,1684110091
EmbEUAenBolivia,168498034
NASANPP,168537920
ACKukes,1685709782
usaid_india,168608759
CDCGlobalJobs,168716574
JFHQDC,168737865
StateDept_IRM,168753203
SOFIAtelescope,16876667
noaaocean,16878156
NatCounDis,169081913
NavalOPSEC,169093477
AllHandsMag,1691708977
NIOSHManuf,169224018
usconsulatemelb,169271629
INL,16929108
USAndHyderabad,169394390
NASAOIG,169549692
VSFSatState,169927909
usembassyottawa,17001435
MLKDay,17001730
NPS_Monterey,170101301
JointBasePHH,170114785
acpristina,1702040742
USAO_AZ,1702987051
NationalZoo,17045060
norfolkdistrict,17064390
DVIDSHub,17066992
TeachingLC,1710530342
airspacemag,171112947
NASA_TESS,1711734799
USEmbPretoria,1712021365
USEmbassyQatar,172002218
InstCultural,172610523
USGS_IA,1726386962
OfficeofEdTech,172779883
ECA_AS,172814396
DirectorDMA,1728616788
USMissionJuba,1729007461
usaidbolivia,1729692990
WW1CC,1732881642
VeteransHealth,17346287
USAIDKosovo,1735376726
amhistorymuseum,17366486
USFWSEndsp,173939851
NavBaseSD,174377002
EPAwater,17451742
USFWS_WSFR,174780760
MeteorScientist,174784400
USEmbassySerbia,17481636
USNavyIPs,17500798
amb_mike,175039931
edUSAguayaquil,175080941
USGS_Kentucky,175113947
DocsTeach,175171636
cooperhewitt,17518626
uscgmidatlantic,17519586
uscapitol,17539497
CDCtravel,175495448
DavidHuebner,17552304
SmithsonianAPA,17600223
EPAregion9,17605462
FBI,17629860
USCGNortheast,17648905
shareamerica,17658786
ciodotgov,176837327
US_EUCOM,17717287
NMAfA,177264696
USEmbPAN,177553367
USEmbassySanaa,177592318
DOICareers,177716773
uscongenperth,177737258
LosAngelesVA,177748608
USConGenSydney,177778956
NASAKepler,17781165
USAID_Colombia,177980964
USFWSPacific,17831464
NASAAirborne,178526634
eAsiaMediaHub,178978113
ConsulateNagoya,178998205
usfire,17904241
usembassyteg,179563308
NationalService,17961886
Astro_Box,179644633
AmeriCorps,17967675
SeniorCorps,17968875
US_Emb_Djibouti,179832889
SmithsonianMag,17998609
CentralHighNPS,180123627
NASAVoyager,180200031
National_Ag_Lib,18020120
usdafsa,18023140
Fulbright_Eire,180382238
Astro_Taz,180419242
FDArecalls,18058609
USGS_WA,18071209
NavalAcademy,18090660
ChrisVanHollen,18137749
NIOSH_NPPTL,18139029
AmerIndianNYC,18141016
SpaceCampUSA,18168629
SmithsonianNMAI,18169053
NASA_Langley,18194898
USAIDLiberia,181977981
usbr,18209334
usembassyzambia,18212352
USMBDA,18221780
USEmbassyTurkey,182360370
PetersburgNPS,182906384
Citizen_Corps,18291500
USAEC,18306002
NBNewOrleans,183330904
FulbrightCL,183359929
AstroIronMike,183672041
Fleet_Family,18475772
SEC_News,18481050
femaregion1,18486243
femaregion2,18486586
FEMAregion3,18486746
femaregion4,18486881
femaregion5,18487054
FEMARegion6,18487179
femaregion7,18487299
femaregion8,18487428
femaregion9,18487522
FEMARegion10,18487694
MartinsburgVAMC,185222381
WichitaVAMC,185261700
JPL_Technology,185294100
ArchivesAmerArt,185308330
NIOSHFishing,185412567
CTO_Officer,1855045567
USAIDUkraine,1855465602
uscourts,185644175
ACPrizren,1856958626
SheridanVAMC,185835846
AcadiaNPS,185874758
NCascadesNPS,186094017
netcpao,1861589035
HPRConline,186163869
EDLAnews,1861645218
OWNEYtheDOG,186201749
NavalWarCollege,18633493
NASA_Lunar,18646280
NIHFunding,18683406
diskdetectivES,1869370692
USEmbassyCyprus,18714842
USEmbTallinn,18719228
YosemiteNPS,18726942
NASAHurricane,18736652
NASAJPL_Edu,18746273
MAVEN2Mars,18774477
AmbWagar,1877803189
FTC,187993109
FAFSA,188001904
GolosAmeriki,18800449
ISS_CASIS,188046098
USAIDTanzania,1880717394
woacenter,1882092499
TumacacoriNPS,1883882196
USFWSClimate,188395975
USFWSFireSE,188436103
AIRNow,18847448
HopewellOhioNPS,1885115232
AmbassadorRoos,188591875
BethuneNHS,1886575050
VAColumbiaSC,188799403
TEA_ILEP,188815315
usembfinland,189056999
USFWSPacSWest,189236384
ISS_Research,189253902
AstroHague,1895141923
USCPSC,18990471
DevilsPostNPS,190014339
ECAatState,19006707
NIDDKgov,1901405066
SDCAnews,1901865156
USEmbassySuva,1902330746
EPAregion2,19026662
NLM_DIMRC,190676563
AfricaACSS,190685193
Astro_Stephanie,1907947747
ExportGov,19109172
TradeGov,19112923
EPAjobs,191272793
CNREURAFSWA,191438220
USAPHC,191522212
SaludDLaMujer,191612024
USAID_Credit,193282728
nasa_eyes,193336046
USAinScotland,1933894596
usfs_nrs,19357859
acusgov,194342542
AlexaWesner,1943929633
FulbrightGLA,1952992406
ucanquit2,19542654
USSConstitution,19553544
AshevilleVAMC,195749936
ARCHelsinki,19589717
FtSumterNPS,196006463
USUHSPAO,19603179
opa1,19603269
usairforce,19611483
usnpeople,1962562566
USMSPB,196276506
VALongBeach,196332353
NavyExchange,19656888
CDCemergency,19658936
CarterLibrary,19660388
EdUSAMalaysia,1966158618
USNAband,196637874
americagovprint,19664718
statedeptspox,1967216306
VANewMexico,196782554
LincolnHomeNPS,196898371
ElCulturalPeru,197192928
usmissionuganda,197341208
usembassysjo,19738801
CFAOkinawa,197426907
GovNewMedia,197533538
ACDavao,197661796
USIP,19784906
SEC_Careers,19787825
USUNESCO,1978892694
NASAJuno,19789439
IESResearch,1979407212
NASAJPL,19802879
TreasuryDirect,198517348
NASASMAP,198597135
VAColumbiaMO,198867164
usaidindonesia,198898768
VADenver,198962159
SanDiegoRefuges,199038708
usembdenmark,19912974
USEmbDushanbe,199234302
VABIRMINGHAM,199326771
USGS_CO,199427376
HUDgov,19948202
AmbassadorJones,199510360
colombopereira,199526722
NavalMuseum,19974666
USGSNHD,199796510
usembbrussels,19981036
NOAAcharts,19990779
FEC,200205177
VASouthOregon,200206883
CTVHCSMenu,200213729
USDA_NIFA,20050047
USEmbRu,20055358
FiscalService,200577254
NASAGoddard,20060293
USGPO,20064236
usda_nass,20065440
NIOSH,20076000
NAHYPawards,201315597
USDOL,20179628
NIHClinicalCntr,20186316
usambassadorcr,201920056
VOATurkish,20248868
USFWSNCTC,202640741
NIOSHNoise,203195367
VAWallaWalla,203244263
subgru2,20417938
VanAllenProbes,204337132
USDAFoodSafety,20436059
usedgov,20437286
NPG,20457080
USAndChennai,204661628
voage,20485845
NCIsbir,204885368
USAIDJamaica,204910797
RoverChallenge,20534308
advisingbelarus,205651742
USEmbassyMaputo,20593889
NationalGuard,20600214
historyatnih,206162681
FtMeadeMD,20717232
Mara_Exchanges,207320806
ncbi_pubmed,20746250
NCBI,20746400
USUKFulbright,207584765
VALasVegas,207676034
voachina,20778955
VOALearnEnglish,20803965
stri_panama,208104274
US_FDA,208120290
BioDivLibrary,20813165
USAndKolkata,208366291
USEmbassyQ8,208469691
forestservice,20867568
GovBoard,208754569
PWForestPark,20886803
VOANoticias,21104432
NASAWhatonEarth,211303345
IRC_Sapporo,211435479
USCGLahore,211464439
NewYorkFBI,211635204
BvrhdDrldgeNF,211651660
FulbrightNZ,211725789
EconAtState,211955846
SLC_Latino,212228906
sitesExhibits,21224647
GrandCanyonNPS,212304085
NHOAKHARBOR,212353049
corpslocks,212369534
CSGermany,21306588
Educationusa_CN,213218165
WBI_PAO,213345914
SMBC,21364753
USAIDMozambique,213730462
FSAconf,213733242
USAID_Manila,213753748
zeriamerikes,21390890
USAASC,214185464
DigitalOutreach,21428876
usshopper,214587807
AIDSinfo,21461691
CDCespanol,214649035
IES_NCEE,2149042490
CMSinnovates,214933219
PMIgov,2151598026
NPGDirector,2158415705
usembassydhaka,216234513
USAIDNicaragua,216361829
USAID_SAfrica,216411112
USEmbassyKabul,21645304
Colombo_Cali,216470900
NASA_OOREOS,216548653
USembassyAstana,216625028
CDCMalawi,2166694309
SBAatlantic,216741866
VAAugusta,216794905
VABlackHills,216806014
iacbg,21691806
Otvorenistudio,21694845
SBAmidatlantic,217063287
SBAsoutheast,217065550
SBAgreatlakes,217066849
SBAsouthcentral,217068300
SBAgreatplains,217069266
SBA_Pacific,217071381
USEmbassyGhana,217079025
USMadagascar,217403591
NARAMediaLabs,2174628223
PinckneyNPS,217489621
SBA_NewEngland,217545284
SmithsonianTSA,21769593
WOA_Zhytomyr,217746238
USGSPodcasts,21778154
Disabilitygov,21783950
AmerikaOvozi,21790421
USGSNewsMineral,2180318606
LLCFaizabad,2180606054
USMissionBelize,2182811810
usembislamabad,218443914
USAIDFFP,2185152683
NIHgrants,218601716
USEmbassyKRT,218776584
VOABosnian,21882918
chastime,21885474
VOAMacedonian,21890874
NOAADigCoast,218951054
aclagosboac,2189736653
Ackano1,2189770587
DINFOS,21902930
NASA_Landsat,219070649
doscareers,21915158
projectrfpez,2193407635
IMLSDirector,2194250346
chinfo8,21956651
AMB_DMcCarthy,2196104204
NOAACleanCoasts,2196784676
SandiaLabs,21968928
THOMASdotgov,2202078703
usconsmunich,22025634
EdUSAArmenia,2204481870
ZUMWALT_DDG1000,2205974694
acbauchi,2206914882
ACSokoto,2206919460
ACPortharcourt,2206922821
Acibadan,2206922870
ACEnugu,2207211560
ArcticStudies,2207626430
BreatheBetter,22079085
USGSwaterCA,220795490
USAIDASHA1,2209223749
HRWinterAccess,221068393
SBArockymtn,221112237
SBAPacificNW,221114139
CivilRights,221135570
CNATRA,221140614
ACFNewEngland,2214429205
State_Cyber,2214447931
SeguroSocial,221465827
BigSouthForkNPS,221468592
USGSAquaticLife,221470391
CCMedEd,22148550
CavernsNPS,2216141035
AssabetRiverNWR,221824978
SERCinvasions,222152288
NASA_eClips,222368253
USFWS_WNS,222516924
KSCLibrary,222577411
EximBankUS,222666657
usNWSgov,2231835558
USAO_NDCA,2232995852
USAO_SDIA,2233470968
genome_gov,223560830
MoscowFLEX,223947669
DOSRegs,2244311562
TranscribeSI,2244547699
DHSOIG,224507816
ERICinfo,224692810
OurPresidents,224697103
presidiosf,224833160
US_ARC,224862258
BenefitsGOV,22506222
globeglen,225123568
Colombo_BNC,225184824
usaamdsromania,2253699320
NASPaxRiverPAO,2253890336
astro_aggie,225411266
WesternAreaPowr,2255325481
NCPCgov,226335736
TodaysDocument,22656792
USAinKSA,226596397
NSF_BIO,22674756
EDFedRegister,226766323
NCISTaplin,2270391678
USAIDTimorLeste,227209022
NextLevel_USA,2273696556
ChickamaugaNPS,2276369112
RDECOM,22774112
ICPNACHICLAYO,2282191111
USGS_MT,2282403385
USGS_WY,2282416063
AirmanMagazine,22826294
USEmbassyBenin,2283571250
CusterNF,228413071
DakotaPrairieNG,228476766
NBVCMWR,22852098
KnowTheRealCost,2285426744
NASA_GoddardPix,2285685223
czechfulbright,228646799
HHSGreenHealthy,228780512
USEmbassyMNE,2291219215
J2XEngine,229201135
UkrProgress,229205312
VOAFrench,229220040
WolfCreekNFH,22935143
Navy_IA,22937901
RecruitmentIRS,22961785
AmeriCorpsNCCC,22975967
NASADryden,2303363466
USOECD,2306806338
NatlElkRefuge,2307093782
SSAPress,2308732488
uscensusbureau,23092890
OrganPipeNPS,2312829504
ChildWelfareGov,2313952224
diskdetective,2313967848
USACEGALVESTON,231444363
AstroDuke,2316155956
3DMEDCCC,231626783
AmbRivkin,231744293
HPOGProgram,2319189055
rajshah,232193350
bestbones4ever,232221514
chooseworkSSA,232257980
USGSWILDLIFE,2325655200
GavinsPointNFH,2327057342
DoN_OSBP,2327334859
USAO_MD,2329409786
FulbrightMY,2331326143
SmithsonianArch,2332208684
VOAPortugues,233579371
AC_Tuzla,2336713436
USEPASoutheast,2336794088
SalinasNPS,2337369559
NavyReading,23385377
USFWSFire_SoCal,2339472932
CFTC,234044087
NCICancerStats,2340884810
Kansai_AC,234157865
FlatheadNF,234263786
GallatinNF,234274247
NSF_CISE,23445279
navycgsc,234474310
ChickasawNPS,234495211
NSF_EHR,23449553
ArtinEmbassies,234498907
NSF_ENG,23450373
NSF_GEO,23451598
CivilAirPatrol,23453250
NSF_MPS,23454450
NSF_SBE,23455554
cacbnews,234562955
KootenaiNF,234656740
LewisandClarkNF,234657565
LoloNF,234658678
NPClwNFs,234659757
CFPB,234826866
voadeewa,234843092
CivResponse,234871417
AsteroidWatch,23503181
BRVB_NHS,2353479308
CongressArchive,2353850029
KLGRSeattleNPS,235675226
FreeResources,23588499
USEmbassyJA,2359516206
CIA,2359926157
usioosgov,2359958558
asteroidgc,2362715876
FulbrightSchlrs,23630483
Eileen_NOAAFish,2363266844
NOSCRaleigh,23644315
USAO_NDOK,2366048318
18F,2366194867
usembassyguate,23664866
Digby06,2367224516
medicalmuseum,23688540
NASA_NSSC,236943811
ProjectBlueBtn,2369915089
PacificSubs,237054368
YALINetwork,2371024465
USEmbassyNiamey,2373370128
VOASwahili,237493762
MCPON13,2376906650
JoshuaTreeNPS,23799310
FreerSackler,23799441
USEmbassyBaku,238019832
RecoveryMonth,23802459
NASATechBriefs,23802472
AsstSecStateAF,238197721
USAO_EDTN,2382655182
NASAedu,238285207
EdUSAOAXACA,2384645324
EducationUSAPTY,2387788452
usambnl,2389177586
AmDiary,2392544322
AmbJohnKoenig,2394073748
usunvie,23946671
ERamirez21017,2396159701
CDCHaiti,2396211931
BRFSS,239825360
FtWashingtonNPS,2398436126
thegradschool,23989411
CDCInjury,239971233
USAinUKpress,240253031
FannieMaeHelp,240771944
StudyUSAIraq,2408043476
WorkatFERC,2409132421
USINTHavana,2409485682
NCIadvocacy,2411159000
atlantaarchives,241162293
CharlesYoungNPS,2411738312
VFA113,2411743027
USAIDMali,241181400
DrMartinCDC,2414227753
NASAsolutions,2414313589
maritimecommons,2414658068
LewisClarkTrail,2420915010
DiasporaAtState,242585830
DRL_AS,2426217830
NIAIDCareers,242780637
USAO_WDMI,2427806768
USAO_NV,2427836996
FulbrightBG,243116353
REHBudapest,2432329944
NASA_MMS,243362336
GSA_CIO,2434581770
USEmbassyBSB,2435051258
FleetWeekNYC,2435537443
NSWCCarderock,2435849863
IDCRP,2435949451
USAO_WY,2437483531
VADetroit,243796330
MorpheusLander,244208830
NavalServiceTrg,244211168
USGS_WI,2442563256
EmbaixadaEUA,24511456
PresParkNPS,2451908772
LassenNPS,24549680
JULY4NSGL,2458480292
HHSMedia,2458563254
SecBurwell,2458567464
SaratogaNHP,2460015535
usembassybeirut,246154927
CDCRwanda,2467310257
FulbrightSpain,246756284
GSA_Sustainable,246786980
lamucentre,2469303193
artlabplus,246961538
GreatBasinNPS,247048493
USFWSColeman,2470945585
USAID_DCHA,2471013583
AmbSuzi,2471723629
USEmbassySK,2478328057
VOABANGLA,247860605
GSA_Harrisburg,248420311
MCS4Biz,2485930448
ENERGYSTAR,24881081
MemphisVAMC,248873424
Fulbright_AUT,249116265
usembreykjavik,249174648
NASAEarth,24919888
INSSatNDU,249336016
USAbilAraby,249409411
USConnectKyushu,249511762
samhsagov,24959108
NAVELSG,249659787
USUN,249677516
USDAgov,249715521
USGSLandCover,249829509
USEmbVilnius,2498901252
CENTCOMArabic,249913432
CENTCOMFarsi,249916079
CENTCOMPashtu,249920397
NSA_Orlando,2499678775
CENTCOMRussian,250132921
VABronx,250146453
r4realproperty,250178741
VAManchester,250240766
NorthportVAMC,250247506
ndiipp,250628030
usgsJWP,250636012
EmbassyTbilisi,250705901
usembassymaseru,250958881
apicana,2513555844
CENTCOM,25159286
USAdarFarsi,251633354
voa_thai,2518209922
Defense_TV,2518430654
CornerUTA,2518697582
NIHEmplSrvcs,2518972011
AdvocacySBA,252110905
USAenEspanol,252176459
USAenFrancais,252194895
NLM_4Caregivers,252202098
EDcivilrights,252634665
FDAMedia,2528303509
USAHindiMein,253223882
US_GSAR2,25329099
ADMZukunft,2535060096
ConsuladoUSAMty,253585951
nauticalcharts,2535888397
NDEP,25372825
WDLorg,253742656
USGS_IN,254064752
USApoRusski,254120931
OneTotalForce,254129167
USEmbSwaziland,254140080
AstroBehnken,2543629379
USAO_AK,2548338757
EducationUSAslt,2548868192
ArmedwScience,25502100
LincolnBoyhood,2550913831
ExerciseCARAT,255334834
medlineplus,25552666
BocasStation,25559369
NASAArmstrong,25565646
NASA_SDO,2561540954
MarineMammalCom,2561639156
Astro_Jeanette,2562509436
acveszprem,2563046388
NASJaxMWR,2563582064
USA_Zhongwen,256382520
USGSAZ,2565673213
nasawin,256626351
NASAViz,257126470
VAFresno,257145085
macpacgov,2571930788
ErieVAMC,257596259
CopyrightOffice,258805021
NARAFRC,258840135
rufusgifford,25896607
IIPState,258972713
WashitaNPS,2590171562
USAO_ND,2591722416
US7thFleet,25930421
USAIDArmenia,259314342
USAIDBangladesh,259319185
USAIDEastAfrica,259332426
USAIDEthiopia,259338447
USAIDKenya,259356502
USAIDMacedonia,259363887
USAID_Pakistan,259374799
USAIDPeru,259377924
USAIDVietnam,259381203
USAIDWBG,259386077
USAIDZambia,259388100
TrainingWing5,2596497991
DoDNews,2596578505
fbimobile,259677168
EdUSAManizales,259726083
SIxDIGI,2598859836
JimAtState,26002076
USAO_MT,2600233807
peacemediac,26012125
EDGovJobs,260290749
ObedNPS,260748282
AKForestService,26118743
EEOCOIG,2611919868
OlympicCoast,2612178961
WilliamTaftNPS,2613706686
NycNavy,2614038818
MLKJrNHSNPS,2614080198
kenilworthpark,2615479824
FredDouglassNPS,2615549702
BigThicketNPS,2615615486
USEmbassyManama,262149951
EdUSAZim,262554511
NIHRadio,262665704
usparkpolicepio,262680071
USAIDGuate,262691982
dferriero,26325750
usfsarp,26326051
FulbrightArg,263272058
AC_NoviPazar,263614721
SportsDiplomacy,263724360
AtlantaFEB,264303278
ARCgov,264332977
USAemPortugues,264344384
FulbrightHN,264859281
Atlanta_SEC,2648755130
Boston_SEC,2648883475
FortWorth_SEC,2649200354
USGSCoastChange,2649296311
mwlippert,2650689531
USAmbGVA,2653578188
federalreserve,26538229
AFNPacificNow,2656009086
AmCRadom,2656469808
NASWF,2657581475
USEmbAlgiers,266008957
USAinHKMacau,266562691
USAIDDRG,2666429088
RichmondVAMC,266699479
ACInnsbruck,2669414095
EdUSABucaramang,267198096
USAUrdu,267302488
NOAADebris,267457429
AmCWroclaw,2676464546
SF_SEC,2677993213
NIHSciEd,26780409
NWS_Earle,26791067
USTDA,267916987
healthfinder,26810542
MC4army,26816430
NASAblueshift,26853548
WFLeaders,2687643074
cbalapaz,269470086
SecretaryCastro,2695663285
EducationUSAEG,269691164
FEDSTRIVE,269972865
AmbStephens,270132205
USFWSInternatl,2703069157
SmithsonianEnv,270372236
VAMinneapolis,270415393
EdUSA_SCBolivia,2709571981
StateDeptLive,271024433
PointReyesNPS,271057079
ArchesNPS,271060845
NEHEP,271073726
USConsChiangMai,271808605
HispanicEd,272028877
AndySchapiro,2724146642
FulbrightID,2731306225
AmbDana,2732010782
AKEACKZ,273357525
NASAAero,2734381938
NASANewHorizons,2734713482
Astro_Ferg,274151347
USAIDCaribbean,274603167
CampusUSA,2746339921
USGSTNM,274818423
NCItrialsatNIH,2748752838
epanews,2748825008
Usembassyouaga,275033412
alianzaeduuy,275121212
USIndianAffairs,275149069
USAO_EDPA,2752379786
USAO_NDIN,2752450495
CharlestonVAMC,275488453
USAmbCD,2755563842
Astro_Doug,275710913
EducationUSAQat,2765787014
DCOnews,27659225
VallesCaldera,27664136
KlugeCtr,2766634470
NASAKnowledge,2767260901
StateAVC,2767724844
publicdebt,2769947013
AstroCoastie,277020058
NavyExecDev,27704735
USICHgov,277160419
EdUSA_Oman,277923139
amcor_uinjkt,277940923
NSA_HR,278066942
USConsulateBCN,278576668
AFNWiesbaden,2785810818
todsedgwick,2785946924
ACConstanta,2789323430
CGEEUUPatricia,2790468649
AmC_Katowice,2791189347
NCIEpiTraining,2792390881
TheUSSCgov,2793177083
FEMAspox,2794913876
NASALaserComm,27950021
conradtribble,279548833
ForeignAsst_gov,2795941059
exchangealumni,2796946685
USNavyAfrica,2797189456
AmbSilliman,2799462536
HeritageAtState,2799983923
DoDEA,28019628
NCITedTrimble,2805580321
SmokefreeGov,280586964
EducationUSAGO,280740516
rita_dot,2809738628
USEmbassyBrazza,2810124823
Astro_Mike,28123862
NOAAFisheries,281530541
PhillyFEB,281576542
StateOIG,281686244
bushlibrary,2817206132
NASA_Marshall,28184452
NASA3DPrinter,2819046883
USFWSMidwest,28227443
USPBGC,28238988
USAmbIreland,2826569732
USAO_OR,2826893978
USAO_VI,2826965893
IRPatNIH,282741996
CLaFleurFERC,2828015748
ONsafety,2829887786
AFN_Stuttgart,2830036584
usmissiongeneva,28305267
Events_LOC,2831909250
Director_FFP,2832683092
NCIFredOutreach,2835382954
SpecialRepMC,2835633701
Folkways,28379556
GISTNetwork,2841244444
EnergySaver,2841951869
Amreekani,284600487
Astro_Rex,284616690
NCIHINTS,284644078
USAIDKG,2846677665
USPacificFleet,28468549
GCRiverPermits,284729052
USAIDMalawi,2853522736
ABDIstanbul,285532332
TRICARE,28558205
NCIDrMalik,2858882775
RecoverVoices,2859170098
realwarriors,28614550
SFunkinAfrica,2863628308
EdUSAZacatecas,2863982097
SmithsonianFolk,28642247
PacificPartner,28656692
JoanPolaschik,2868127063
CFA_GOV,2869169624
llcghazni,2870252566
USAIDBIH,2873546777
USGSCoopUnits,2873810602
NCIChanock,2873912921
LLCJalalabad,2874872343
llc_maimana,2874918838
llckandahar,2877538461
kunduzllc,2877556210
LLCAsadabad,2877619786
LLCCharikar,2877672285
USAmbFrance,2879654503
llckohistan,2882366205
congressdotgov,288308178
SmokefreeWomen,2884599462
llcgardez,2885306981
FWSGreatPlains,2889281042
VisionofAmerica,288989153
CHCOCouncil,288993930
embassymonrovia,289241101
jkatzUSAID_EE,2893551885
FLEXAlumni,289887371
USArctic,2899672599
USEmbZagreb,2900480087
USAO_WDLA,2901142431
GovHRU,290122591
usfsclrd,290132749
llckhost,2901348985
HeratLLC,2902493965
NASA_go4launch,2903872024
NCI_Training,2903999891
NCSCgov,2906666380
FBIJobs,2906710535
llcbadghis,2906784632
IrcKabul,2910404541
garden_llc,2912378512
AFNRotaRadio,2912785199
DOLOIG,2915836895
OIGatHHS,291759889
ipeds_nces,2918463575
NSFinnovateSBIR,2922482512
EVerify,2923170479
USFleetForces,292342774
Scott_DeLisi,292431815
WhiteSands_NPS,292512828
USAIDSomalia,2925683967
usgs_seismic,2927177679
usembtashkent,292908967
USAmbNZ,2929698820
GOPHELP,292972175
Gottemoeller,293121508
USAO_WDMO,293604384
FDRLibrary,293650530
NAVMEDWEST,2938676883
USEmbassyAthens,29395463
DenaliOIG,2941109366
FranklinFellows,294250840
VANewOrleans,294264494
NASAWebb,29472803
NARA_RecMgmt,29490940
USEmbBy,2950969565
llcmazar,2952585291
USAmbIndia,2955928989
ibeuuba,295762892
PadreIslandNPS,2962337680
TwoPondsNWR,2963772883
NMCPHC,2964364631
USAsiaPacific,2964865881
tulespringsnps,2966388665
SFMaritimeNPS,2966941428
CornerPecs,2967451467
americancornerh,2967691149
Wolf_Trap_NPS,296979668
USAmbAPEC,297037755
PEOEIS,29708960
jovensemb,29727138
NLM_LPF,297477121
BigBendNPS,2975391639
USAmbRwanda,2976268757
ElDominico,297644506
DrMayneFDAFood,2976767194
NOAAComms,29774968
FaizabadLLC,2977690486
DrReddCDC,2978188138
USAmbPY,2978230065
bnclib,2978311864
BorenAwards,29793141
AcVukovar,2979451463
ClimateNPS,2980058889
USAO_NDIA,2980248250
TeenHealthGov,298047641
CanyonlandsNPS,298047906
AA_Corner,2980906594
ACKhorog,2981554741
EducationUSADF,2981881138
NAVEUR_NAVAF,2982287896
ReadyNCI,2992950334
PamelaSpratlen,299660595
SEC_Enforcement,299661515
WNYRiverwalk,299668254
NASAEuropa,2997418453
NOAACoral,3001660079
JusticeATR,3002362660
USEmbassySofia,3003327610
EducationUSAMty,300335584
NASA_SatServ,300418156
USAIDAsia,300684172
USMarthaKanter,3007869717
USGSPacific,3010541599
PDCommission,301134122
NCILeeHelman,3012475793
NSWCDD,3012898054
USGS_KS,3020467966
USOPM,30231097
voacantonese,302347065
NASA_Wallops,30258963
MCCTweets,3026128251
StopBullyingGov,30272229
usembassytunis,3028189937
PostalMuseum,30293070
CSTS_USU,3030686913
DJ44,3030922321
CIIimpact,3036846561
FDACBER,303777686
laFTC,303932759
NWSNorman,303994581
NWSSaltLakeCity,304034165
NWSKansasCity,304043568
NWSAlaska,304049696
BadlandsNPS,304392714
EdUSAColombia,304453304
SIObservatory,304460084
NCI_NCCCP,304480958
EduUSAHyderabad,304869049
HinesVAH,305146327
EPAaerovox,305195722
AppomattoxNPS,3056802046
USCGHawaiiPac,305755655
EDUSAGDL,305761994
GoGlobalED,3060100659
AFNSasebo,3060950030
PetroglyphNPS,3061756273
HealthyMoments,306204336
USAIDBizOpps,3063921683
USGS_Virginia,3065301193
woa_cherkasy,3065935979
AstroPeggy,3073871212
WallyBrewster,307552685
NWSCharlestonSC,307589282
sbirgov,3081740777
VolpeUSDOT,3084605733
USAO_MIE,308559103
SecPritzker,308573576
FireScienceGOV,308723501
nas_sigonella,309021830
climatelinks,3094212078
USAIDGuinea,309790272
USAO_MDFL,3099877145
FMCS_USA,3107988593
astro_Pettit,310804819
npsgrpo,311069198
OlympicNP,3111736843
EdUSA_Ahmedabad,31145648
EducationUSAAlb,3114995819
ED_Sped_Rehab,3118590262
USEmbassyKyiv,311899155
USAIDAngola,312094006
wwwicegov,3121091973
EdUSASyria,312320892
USAIDCtrAsia,312649449
USAIDEcuador,312664549
USAIDMadagascar,312667707
USAIDRwanda,312691161
USAIDSriLanka,312698314
USAIDSudan,312737301
USAIDUganda,312746359
COMLCSRON1,3128543449
Partner4Climate,3129108538
GraysReefNMS,3130783150
CDC_AMD,3130891960
USNationalGuard,31310158
USGS_NAS,313386995
EACgov,313503779
NAVSUPSYSCOM,314085578
NASP_PAO,314149133
MedicareGov,314216196
UsgsNgmdb,314267849
CDC_TB,3145168942
NezPerceNP,314626383
BenFranklinChih,314782577
DOJSMART,3148922913
UnitedforUkr,3149005377
NSF_Vacancies,31502276
FreddieMac,31522400
USAmbBangladesh,3152281200
amcor_unhas,3154222310
USEmbassyBKK,31639623
BearPawNPS,316561165
BigHoleNPS,316739289
MountRainierNPS,316742293
NatureNPS,3170894115
NCI_CCR_SB,3174224061
USAmbEU,317650146
HHSRegion10,3177403355
LOCMaps,317750991
NASJRBNOLA,317857466
NCIDrDoug,3182854863
NASA_NCCS,318444623
InnovFellows,3184883153
NASAMeteorWatch,3186842399
CapulinNPS,318691364
Tiller44,3193526130
CNORichardson,3194592704
NOAANCDC,3195210280
RMIRECC,3195657331
STEMin30,3201714959
USAIDLAC,3202216103
NWStulsa,320722961
USCGMatamoros,320894200
ManassasNPS,320938231
BEA_Jobs,321516985
BEA_News,321536046
AmHouseKyiv,3218063369
USUNRome,321888268
navchapscolcen,32215148
USAIDMiddleEast,322160102
NCIGDC_Updates,3222536666
CityOfRocksNPS,3223727425
USAO_DE,3224509635
actirana,322498799
BJSgov,3246599974
USAID_BD,324764136
VOAKurdish,3251318339
JFKLibrary,32520240
TSABlogTeam,3253031077
AMB_Thorne,3254254329
NRCgov,325581008
NNSYNews,326087266
FLEXAlumniMD,326859366
NASATechPartner,326957412
Astro_Boe,3274746871
OregonCavesNPS,327537783
USEmbMuscat,328359889
GlacierNPS,32887168
AskTSA,3292337961
SSAOutreach,3293341618
NCBI_Clinical,3294301053
USEmbassySJJ,329542325
DoD_EHR,3297976303
USCCRgov,3298252423
DelWaterGapNPS,329855057
NASA_Rain,329865729
patrickgaspard,329866683
RosieRiveterNPS,3301608800
JohnMuirNPS,3302474898
FortLarnedNPS,3302915626
StudyinStates,330369516
GlobalSI,3305598969
astro_reid,330921167
TVAed,331054474
PHIBRON_Three,3312284264
NinaHachigian,33128715
USGS_R,3313531039
DevilsTowerNM,3316157009
WindCaveNPS,3319657702
AmbTracey,3331115331
SECDiversity,3332601123
USAO_PR,3333015843
USAO_EDKY,3333028325
NPSHistory,3334868711
FulbrightEgypt,3335574634
VAMontanaHCS,334168871
USGSArctic,334265394
EDDepSec,3342852203
USAttyBharara,3342909449
NASA_LAMBDA,3346063881
USAinUKCGCorner,334655665
US_GSAR3,334809340
ACSBKK,334989877
USEmbassySA,33509142
PuntaCulebra,3352207647
NRCS_MS,335475573
FBIPressOffice,33590811
NASA_Orion,33602654
ENERGYSTARHomes,336037982
ePolicyWorks,336139319
AstroAcaba,336179304
ForeignPressCtr,33669915
USSIndiana,3369851139
BooneRepair,3376014406
everykidinapark,3377408529
EducationUSAAst,338327782
VASalem,338374094
USAO_WDTX,3386222099
NavyHousing,339049510
GoPeaceCorps,339247518
C_Painter,339251603
NavyLifeSW,339257736
EducationUSAMX,33932772
WHOSTP44,33998183
USConsulateNaha,340049276
NCCOSC,340321763
Astro_Christina,3404297319
USAO_WDOK,3404644593
USEmbassyLome,340566737
AFNEagleVicenza,3413125633
CPSTF,3416025023
FMCSA,3418461995
USAIDWater,342168369
TheCVN69,3423060113
OklahomaFEB,342637628
USGAO,34274380
EPAregion3,34303729
USConGenSby,343261756
NPSUrban,3432956152
StateDG,3433322913
NHCLejeune,343338412
FBIWFO,343452680
MarineCadastre,343590764
NMCIEnterprise,34388656
usembmalta,343949927
Arsenal_Island,344781594
FBISpringfield,344864727
FBISanJuan,344869992
FBISanDiego,344872440
FBISaltLakeCity,344931026
FBISacramento,344932511
FBIRichmond,344934176
MCMRON7,345123049
USGS_UT,3454498212
FBIPittsburgh,346088812
FBIOmaha,346090893
FBINorfolk,346096063
FBINewHaven,346105501
FBIMinneapolis,346107964
USEEOC,34682633
USGSLibrary,347265114
FBIAnchorage,347289480
FBIAtlanta,347292182
NASA_es,347420129
FBIMilwaukee,347497444
FBIMiamiFL,347505959
AdmiralMichel,3475130608
OSACState,348021050
SeabeeCenter,34829750
GSAWellness,348617167
USCGJerusalem,34876970
FBILouisville,349136387
FBILosAngeles,349137313
FBILittleRock,349243642
FBILasVegas,349246690
FBIKnoxville,349249046
FBIKansasCity,349284012
FBIJacksonville,349287347
FBIJackson,349291489
KSC_MOCOP,34970516
WPNSTAYorktown,35013064
NIOSHFACE,351013797
FBIIndianapolis,351046349
FBIHouston,351049789
FBIDetroit,351061965
FBIDenver,351067482
FBIDallas,351133597
FBIColumbia,351136186
FBICleveland,351140309
FBICincinnati,351143924
FBIChicago,351146388
FBICharlotte,351148755
FBIBuffalo,351155455
FBIBoston,351157948
FBIBirmingham,351160086
FBIBaltimore,351168331
FBITampa,351890315
FBIStLouis,351892655
FBISeattle,351895346
FBISanFrancisco,351897105
FBISanAntonio,351899084
FBIPortland,351900962
FBIPhoenix,351902933
FBIPhiladelphia,351905927
FBINewark,351907972
USAO_VT,3523540581
NSWCCD,352368181
SmithsonianLab,3524315841
SunEarthDay,3524474297
fishinvertlab,3524748575
NMCB4,3527695394
usembmongolia,352911563
USGSMercury,353115093
buildingpeace,353854320
EducationUSAVie,355305190
fulbrightboard,355579635
CCSampedrano,355585426
usembassynz,35617996
NGA_GEOINT,356334842
EmbajadaUSAenRD,35727265
IranPrimer,357509619
CDCGlobal,357648167
shareandprotect,357655514
ICHNSantiago,35776072
MuskogeeVA,358320693
astro_kjell,35877766
ScottsBluffNPS,359416236
USPPNYFO,3601566802
NCIMedia,36078825
WomensRightsNPS,360830402
navstaglakes,3611629875
USAIDSerbia,361373628
VAKansasCity,361471061
MillionHeartsUS,361903576
NavalDistWash,362050234
US_IMLS,36240331
ConGenAMS,362483649
NavyAthletics,36352119
USPP_SFFO,3639495854
usembassyve,36414477
AmcornerNis,364188591
USAIDES,364894904
Antietamnps1862,365054774
VANJHCS,365544323
AmbasciataUSA,36624443
PubMedHealth,366720607
USAID,36683668
LittleBigNPS,3669044302
NOAASatellites,36711678
letsmove,36719281
NatlParkService,36771809
CDCEnvironment,36774033
LHD5,36788063
ccabnc,368076554
usgsenergy,36875829
EducationUSAKor,368832153
NMPDC,368934717
NRDgov,369554913
FDICgov,36960352
CapitolReefNPS,369615224
HeadStartgov,369697377
NMAAHC,36972997
FLEXAlumniMN,3697881977
OIGFedCFPB,3697923083
JohnstownFldNPS,370280018
openNASA,370343849
NASAdata,370344674
NIDCD,370680823
EmbPowers,370693534
eodgroup1,370937684
NOAAResearch,373373336
SmokefreeTeen,373495196
FordsTheatreNPS,374134392
USGS_Oklahoma,3742136153
LkRooseveltNPS,374232467
NASApeople,374517706
DoD_IG,374541137
spaceapps,375432180
SantaMonicaMtns,37587253
CivilRightsAAG,3761810241
afnbenelux,37628661
afnktown,37629060
afnnaples,37635294
afnspangdahlem,37637544
Monocacynps1864,376389030
USCIRF,37671177
CastleClinton,376756573
Commercial_Crew,376819015
EPAairmarkets,37683200
usdafsa_es,376836211
BuffaloFEB,376862342
USCGGreatLakes,377578077
USGrantNPS,377608346
US_GSAR9,37770102
FS_Region1,37775162
accalabar,378577509
NICHD_NIH,378740424
CDCReady,378779638
USNHistory,37940492
NWBC,37978457
HHSLatino,380530330
NCI_TGIB,3816017770
Astro_127,38222521
FLEXAlumniArm,382263114
USGS_MD_DE_DC,3823601182
USGS_MN,382689369
PeaceCorpsSWR,3829682952
NH_RC,3830313253
FEMAPortavoz,3837124947
TheCVN65,384628427
USEmbNamibia,384760676
NIOSH_FirRanges,384854186
US_Protocol,384860563
theNCI,38530021
BureauIndianEdu,385588568
USAnelSud,385949545
CO_FACSFACSD,386173413
USPS,386507775
NOAALive,386631799
DOL_esp,38663867
NCIgenomics,386682375
MedlinePlusEsp,386689483
Astro2fish,386915587
danbbaer,387900968
GuilfordNPS,3881000536
Paterson_Falls,389011466
USEmbNicaragua,389075192
PostalRegulator,389493267
USEmbassyPraia,390106290
MarionVA,39073471
MyPlate,39092982
DOIBeanScene,3911934273
NIMHgov,39250316
StateGDI,392711025
object_project,392875271
OIGUSPS,39301597
AmphibianRescue,39308951
MiamiVAMC,393346130
VetAffairsOIG,393505114
USDOT,393562221
NIAGo4Life,393594798
ICEgov,39384517
TVA_Newsroom,3940844355
AstroMarshburn,394246259
Reagan_Library,394351710
USAmbSuva,394592567
FBIMostWanted,394797701
EPAlive,39537567
NLM_OSP,395429079
insurefeds,395431135
NCIResearchCtr,3956178154
FAASafetyBrief,39571573
SocialSecurity,39580052
USFWSRefuges,39633235
VAAnnArbor,397265914
usembassyoslo,39764029
laembajada,39803974
TeamNutrition,39812424
dhsscitech,39824409
VOA_Korean,398259071
USAmbHonduras,398289794
NWSColumbia,399004430
NavMedEast,3991208234
AdaptingTheArmy,399609441
unairlibamcor,399782890
AFCareers,40044040
WestLakeSite,4018629689
NIH_CommonFund,402157926
educationusanz,402272026
USEmbassyPOM,402321115
CitSciBio,4024131202
USAO_NM,4024833027
cdchep,40271841
NASA_NAS,402772162
NASA_Supercomp,402805486
ChincoteagueNWR,402999728
EPAespanol,40300027
USAID_Digital,403093403
FtMeadeAlert,404157526
FBIRecordsVault,404179950
StLouisArchives,404325548
VOA_Tibet_News,40496503
CVNPmtb,4062234502
USAIDNepal,406885123
StateIVLP,407098018
IGAatState,407348526
CDCDiabetes,4077277331
WilmingtonVAMC,407798922
PCAH_gov,407925082
FBIAlbuquerque,407963174
archivespres,408006660
NASALangleyAESP,408037622
USCGAlmaty,408368852
FEMALRO,40899155
SPARNHS,409466505
HarrySTrumanNPS,409504763
DoD_OSA,409674195
USFWSFirePacSW,4099125191
J_USFC,4099127517
NASAARSET,4105420635
MnhtnProjectNPS,4106278036
Solar_Decathlon,41146726
NASAspinoff,41147062
US2EU,412303032
USCGPacificSW,412409320
EnergyPressSec,413223602
usconshalifax,41378449
NCIprevention,41380057
USGS_IL,414186024
TSA,414331122
IBEUCEARA,41441065
astro_tim,41441873
EnergyAtState,415212065
USAndIndia,41533816
NH29Palms,41540312
EPAoig,415531692
CPSCSmallBiz,415595234
ConsuladoUSATJ,415693431
subscol,41575723
NEAarts,41655821
DeathValleyNPS,41675868
chemsafetyboard,41710557
VABostonHC,417276396
PhxVAHealthcare,41738497
Livermore_Lab,41806795
Isobel_Coleman,418762665
SpaceCampCur8r,419816368
ACVranje,420207760
NCICCR_Lymphoma,4212625811
NealSmithNWR,4218976577
NormanCBay,4226086551
NCI_AMGeiger,4235921745
US_OSC,423745588
USAConNVL,424282338
NASANuSTAR,425404298
PERS41,42550446
afnkorea,42591330
afnyongsan,42595785
afnosan,42596142
afnkunsan,42596452
afncasey,42596767
afndaegu,42597019
Navy_Region_SE,425984364
SmithsonianMCI,426021164
RuralED,426167673
CBYXPPP,42722329
NASA360,42869411
FDA_Patient_Net,4288637536
SNAP_Ed,42912024
NASAScienceCast,429323592
fossilenergygov,42967026
ElizabethAubin,429858063
usnavykorea,42992331
USGS_Nevada,430878904
NCIespanol,430886832
NASASwift,430947942
NASA_Astronauts,43166813
EUCOMnews,43172594
willametteNF,43263488
ProFellows,432759184
TheSSAOIG,432772955
USAinNI,43318621
USGS_NJ,4332303855
SIAffiliates,43338999
siuslawNF,43436821
VASiouxFalls,434927810
NAVAIRNews,435279212
GayleSmith,4362952695
nasa_eo,4374879556
CDCNPIN,43909630
HRSAgov,44034613
NLRB,44043034
NASAStennis,44134466
FeedtheFuture,441938188
DebHouryCDC,44240009
USGSScienceBase,442890840
usembassyta,44309594
USAttyOrtiz,4439120067
fulbrightpy,444083465
GPatState,44499925
EPAregion6,44506183
USTradeRep,44615672
BioPreferred,44650798
usdafsaenergy,44697004
USGSted,44705716
FluGov,44777959
HHSGov,44783853
USAttyDecker,4484700869
AHRQNews,44957814
NLM_SIS,44970026
KlondikeAKNPS,44983857
ZionNPS,44984439
SaguaroNPS,44984641
GrandTetonNPS,44991932
YellowstoneNPS,44992488
FlorissantNPS,44992814
VAIowaCity,450034412
NOAASBNMS,450796093
McFaul,454099919
CongareeNPS,45436858
NAVINFOWEST,45442897
lionsafrica,454500254
VP9GoldenEagles,454568979
RedWhiteBlueDot,454645641
Surgeon_General,455024343
WRBethesda,456053754
reserveaffairs,4562213592
Alumni_ingles,45638712
NDILnews,45662833
USDA_NRCS,45663323
WHASpeaks,456799145
HooverNPS,45854064
ShenandoahNPS,45854335
SequoiaKingsNPS,45854669
TimucuanNPS,45855425
URDUVOA,45931483
ATFHQ,459362054
DenaliNPS,45943457
NAVSEA,460116312
USCIS_es,460279209
USAIDEducation,460364759
ncats_nih_gov,461242546
GSAGreatLakes,461243735
USEmbassyMali,461359076
AnacostiaMuseum,46151273
SIGARHQ,461515145
SmithsonianSMS,46167548
USFWSSoutheast,46180114
BitterrootNF,46233546
ABDTurk,462345499
CDCKenya,462854860
PerrysVIPM,463039339
HumanOrigins,46473066
Navy_JAG,46475007
CapeCodNPS,46480087
arneduncan,4662969794
ChesapeakeNPS,46647072
usnistgov,46648807
EducationUSAkz,467299474
ctjonline,46731135
NASA_SLS,467739426
CDC_NCBDDD,467806150
USCGHeartland,46803597
NPSFireSW,46808480
InvertebratesDC,468535521
USEmbMorocco,468731306
CVNPNPS,4692029546
ScholarlyPress,469374741
DrGrosseCDC,469407432
uspp_chief,4708428148
sublearn,47096766
KansasCityFEB,472090205
ConsuladoUSAMer,472392562
comunidadfront,47273913
usembassyjkt,47279525
USNATO,472830024
NASATechGateway,4729443497
CDCObesity,472993981
FredSpotNPS,473045179
NDU_EDU,473254411
DrGrantCDC,473375510
ESGR,47350034
EDUnderSec,473972064
MuseumDay,47399813
VOAIran,47448563
IDCsync,4746714028
VAHouston,474956822
CVN70,47503255
State_IO,475210759
VOADariAfghan,47597891
USembassyMadrid,47616071
USDISA,47650331
patrickwquirk,47664052
NHCCharleston,47689542
NCI_ImplSci,4776487889
NavyBandNE,4777974683
USAO_NH,4787571753
SmithsonianOIG,478918118
AmCenterKolkata,479452614
NCItreatment,4795460069
MidwestNPS,48031660
AlaskaNPS,48033899
StateDeptOES,480403547
KCArchives,480667846
ArmyMedicine,48074218
EmbassyGaborone,481225816
NNSANews,48148030
UsaidCambodia,4817391818
NWSElPaso,482386521
voaazeri,48245672
Hihumpbackwhale,48307930
CHonorableFERC,4832812066
usaidescarib,4835991857
MCCgov,48398586
InvasiveInfo,48399119
bostonNHP,4842482921
ncbibooks,4846893694
CDCasthma,4847609213
SciAstro,484991854
CFTCSmartCheck,4850227925
DiasporaIdea,485059363
USSPeleliuLHA5,485295958
EdUSASpain,485590158
USDAPress,485924782
USAIDHonduras,485954901
NTISInfo,48596615
TheDDG51,4862553087
msmarkham,48717834
The_Flagship,48735100
NCICCR_Foregut,4878185518
FulbrightPrgrm,48788647
NWSAlbuquerque,487922319
USAmbHRC,489252863
NASASolarSystem,49012699
DirectorDanAshe,490859038
nciccr_gmb,4909411917
NCICCR_MOS,4909499993
AmbKennedy_ret,491304400
WomenNASA,492253390
KristieKenney,49276934
ITAEvents,493437506
NationalMallNPS,495149176
usgcrp,495300028
StateCSO,495328039
ConsularNotify,49615362
GatewayNPS,49660570
COcanalNPS,49661993
NUWCNewport,49663961
NHTSAgov,49706919
foreman_mike,497139188
FulbrightVzla,497502654
KenHackett47,498173067
SandiaEnergy,498412599
USEmbassyTirana,498663728
SmithsonianBook,499978860
HarpersFerryNPS,49998539
fieldband,50034138
YourVoiceAtIRS,50078958
NASA_Johnson,50115087
SIGardens,501794095
EdUSAYemen,502696767
PeoplesGarden,50339952
CCBEUC,50406460
jazzambassadors,50418787
USAIDPolicy,506091711
navy_reserve,50652364
NASKeyWest,50653646
AmbHeffern,509092938
US_GSAR1,509214916
usbotschaft,50965086
EDPostsecondary,510503908
NAVFAC,51155155
USAIDBelarus,512028848
IbeuRJ,51217167
USDOTFHWA,512174178
EducationUSAYuc,51271935
theOFDA,514033223
tsp4gov,515582364
USFWSNews,516715026
USFWSBearRiver,516877036
CENTCOMUrdu,517641323
NSA_Bahrain,517750698
TechFTC,519476038
NAVSTA_NOR_PAO,52021870
afcareer,521729421
USFWSAlaska,52203887
USAIDUrban,522424619
LandscapeCC,522587908
EdUSA_Kuwait,523631579
NASASpaceWxCtr,523676772
USEmbassyMEX,52528982
DARPA_News,525523227
BruceAHeyman,52585436
USSHARRYSTRUMAN,52593821
Astro_Nicole,52768208
FDA_Drug_Info,53039176
DUTnews,530883158
Astro_Sandy,53175445
ngadc,53184098
FulbrightGreece,532126993
NASAXrocks,532554649
EducationUSAMdn,532986538
CBAscz,533185559
NCIBiospecimens,533225155
ACornerUDP,533267127
educationusanic,534430570
ElectoralCollge,534473980
eac_kg,537154971
USEmbassyBurma,537204717
Astro_Suni,537555179
Astro_Maker,537588875
IkeandHarry2012,538441704
HHS_Health,538456752
RichardBuangan,5388742
USCarbonProgram,540148278
usembassydakar,540820515
PaloAltoNPS,541013845
AstroRM,541158674
LSD45,54167272
NSACareers,54182567
SI_Invention,54307815
EducationUSATaj,543120121
COMNAVSURFLANT,54312079
RealNCIS,543432574
AstroIllini,543582293
FMC_gov,543637744
USCGNogales,544639614
EPAresearch,54546430
nasaspaceplace,54626053
TransportStats,54655632
EPAregion7,547062997
USNavy,54885400
CoronadoNavy,54943431
TimpCaveNPS,549558921
Congaree2016NPS,550294769
RocketCenterUSA,550476469
stennis74,55058753
NAVSTA_Rota,55226784
TurnaroundArts,552856411
NOAAClimate,552985513
ARPAE,55308417
ValleyForgeNHP,55308975
GilmanProgram,55381067
NPSNCRN,55403682
USMission2ASEAN,555005172
NCFY,555354668
USCGAcademy,55584584
EdUSAMorocco,555887791
innovgen,556092287
US5thFleet,556177249
COMNECC,55653276
VAPugetSound,55692089
npnht,557015086
PDatState,557177242
PoweringAg,558024806
bwharton123,558209346
AnzaTrailNPS,55841335
EducationUSA_il,558577066
NBVCCalifornia,559036652
VALebanon,561439464
StatePRM,561447826
TVAGPS,562727439
EduUSAVilnius,563689166
DrPeacockCDC,564251544
WhiteHouseAIAN,564680097
USNHO,56623293
USNavyEurope,56637351
FortLaramieNPS,566652678
StonesRiverNPS,567326272
USAIDGeorgia,567578010
USFWSLeeMetcalf,568467602
ODNI_NIC,569075497
ChesapeakeBayFO,569422140
Fatherhoodgov,570050439
FDAenEspanol,570148387
edpartners,57033388
NCDMPH,57049881
MBNMS,57077129
EIAgov,57111966
NVESD,57129152
BryceCanyonNPS,57339949
our1planet,573867442
FulbrightFrance,57404269
NCImcMedia,57425073
EdUSABolivia,574888710
USFWS,57625403
interamericano,57651038
NWSJacksonMS,577537350
NWSTopeka,580191183
USWP,580209722
HHPreservItNPS,580322424
usembassyharare,58451369
NHSCorps,58487610
FulbrightFIN,586558145
HistoryAtState,586570880
LINCS_ED,586949517
USAEmbassyLibya,587257369
NIHRecord,587363353
USEmbassyNepal,58743813
a2iSTEM,587451965
NWSGlasgow,587767093
navycurrents,58782673
NWSReno,587826955
LunatheLamprey,587920461
NSC_Updates,58794909
EduUSAAlumni,58809647
ProjectTwenty,588363834
DrKhouryCDC,588586596
AustAmFulbright,588793115
NWSElko,589304873
USEmbassyFSM,589708363
NWSMiami,590060558
NWSMobile,590074258
NWSMelbourne,590123108
CSADD,590137783
NWSLakeCharles,590185677
NWSBrownsville,590190799
NWSHuntsville,590197947
NWSSanJuan,590255933
NWSTallahassee,590286441
NWSKeyWest,590300532
USEmbassySLO,59062375
USFWSNortheast,59184319
ServeDotGov,59204932
EHPonline,59266746
RELCentral,593832841
VOA_Kurdish,59444683
NWSGreatFalls,594573425
usfisheriesgov,594834372
FedRetireInfo,59487259
NWSMarquette,595485457
vj44,595515713
NWSBismarck,595625778
NWSStLouis,595903268
AmistadNPS,59639339
NWSGoodland,596425253
NWSDetroit,596438734
NWSIWX,596680300
NWSPaducah,596790010
NWSNashville,596841936
NIAIDNews,59769395
NWSBoulder,598443842
AmeriCorpsVISTA,59880071
NWSIndianapolis,599202487
CDCChronic,599279600
MSCSealift,600097847
NWSSpringfield,600227042
InjectionSafety,600314768
NWSSiouxFalls,600528888
NWSLaCrosse,600759546
NWSLouisville,601022963
NWSLincolnIL,601270308
NWSDesMoines,601283082
NWSMKX,601715758
NWSGaylord,601808209
NCI_NCIP,601883336
NWSHastings,602339630
AstroSerena,602813224
NASA_STI,60620992
USConsToulouse,606374288
PMO_USNAVY,606463986
USDA_ERS,60654735
Angeles_NF,606625312
FulbrightCanada,606700269
NWSGSP,607099840
ColomboBogota,607267886
ChattahoocheeNP,607553768
IMNRC,60763712
EdUSARussia,60844672
NASAIVV,608450132
NIOSH_TWH,609232206
NWSILN,609287853
EdUSALeb,611583362
USEmbKinshasa,61162525
ircbrasil,61187606
federallabs,61208260
KnoxSquawkBox,61263565
NWSSpaceflight,612644714
US_GSAR6,612753148
BLS_gov,612896910
COMLOG_WESTPAC,61346451
NWSCLE,613591861
USEmbassySeoul,61426538
USEmbassyJordan,61442211
NWSCharlestonWV,614548768
EPAnewengland,61582966
USGSA,61583656
RiverProtection,61664795
FTA_DOT,61762853
USEmbassyNassau,618334097
STASatState,618362387
USDA,61853389
NOAA_HurrHunter,619247259
USAforSOMALIA,619572205
CCBEUJ,62047066
EdUSACanada,621952150
AFOSR,62640737
COMNAVFORJAPAN,62675193
CurecantiNPS,62719269
BlackCanyonNPS,62719868
CanberraDSN,62740714
SFTool,627612870
Astro_Jeff,62829259
DAUNow,628424462
NavalBaseKitsap,62853858
SafeFoodScience,62867014
SenateFinance,628709039
EdNCES,631271526
GlynTDavies,631426647
NWSBurlington,631475517
ICBEUBH,63161278
US_AU,631791848
NWSAlbany,632015726
NWSChicago,632062492
SpokaneVA,63216451
NWSBoston,632301127
ACSTirana,632846028
CNICHQ,63475996
FredSpotHistNPS,634918491
NatEyeInstitute,637013783
FAS_Outreach,63746206
PSNSandIMF,63798167
EvergladesNPS,63966574
AmericanSpaces,64376876
usembthehague,64403845
EPAiaplus,64418345
CDCGreenHealthy,64429326
womenshealth,6450322
gsapbsIRD,64515959
colombomedellin,64547408
vacareers,64808610
EPAcolumbia,64834717
VOAPashto,64871017
usembassysweden,64954756
ChicagoFEB,65055449
FDAWomen,65416742
DryTortugasNPS,65419678
SoldiersMag,65450075
StationCDRKelly,65647594
BeringLandNPS,65670121
GlacierBayNPS,65670632
KatmaiNPS,65672980
EducationUSABR,65831713
USDA_AMS,66185823
FDAcdrhIndustry,66367559
DeptofDefense,66369181
FCC,66369206
LakeClarkNPS,66453289
KenaiFjordsNPS,66454524
YukonCharleyNPS,66455220
USADF,66496839
HubbleDaily,66727905
ArmyContracting,67004006
FarmerMacNews,67008022
NASA_ICE,67059584
icbeubotucatu,67072593
USAembassyinOZ,67232748
NIH_NCCIH,67324224
scienceatusda,67766355
sharkspanama,68047385
NLM_LHC,68454824
CCBEU,68506397
NavyGreatLakes,68751371
nih_nhlbi,68987936
PEPFAR,69091913
USEmbassyAbuja,69281027
USFWSFisheries,69970248
PCOIG,700979618
GOPSenFinance,701821488
USGS_CDI,701844073250852865
Amphib7FLT,702759014753394689
ArchaeologyLab,703758876
NavyVoting,704327294219739137
explorehistory,70454762
USAO_SDTX,704732343790149632
IHS_Jobs,704739937573273602
bibliotecaicpna,70493945
NIH_NIAMS,70497369
BiscayneNPS,70523764
WHI_HBCUs,705456164
NortheastNPS,705487043955130368
DaytonNHP,705497635
USAIDMX,705792280368648192
USEmbassyKenya,70636581
USGSglaciology,706711166450401280
NASASpaceSciEdu,70694567
USAO_EDOK,707275955837001728
SUBGRU9,707414920552296448
PHMSA_DOT,707469228
NINR,70771821
CMSGov,70837868
USAandEurope,70955722
RPCVcareers,710122002653302784
ACNoviSad,71012645
NIGMS,71061891
USSMonterey,710799001042309120
ThinkAgain_DOS,710846901277618176
BenCGlassman,711920958957854720
lewisandclarknp,712036908906450945
SmokefreeUs,71293111
USAO_CDIL,713052798691188736
ACBelgrade,71328513
USAIDAsiaHQ,713432970179293184
GulfIslands_NPS,714869366261694464
PecosNHP,714873739
DOTCivilRights,714994274392285184
USGS_TexasRain,715211464953319424
librarycongress,7152572
DefenseDigital,715951552796762112
USAIDWestAfrica,716362759
NDALnews,716704724
WDARnews,716727974
EDCAnews,716752038
dancemotionusa,716775715
SDWVnews,716787103
NDWVnews,716791658
WDWAnews,716795971
WDVAnews,716797128
NDOHnews,716802919
WDNCnews,716809482
WDNYnews,716811480
SDNYnews,716812878
USAttyPolite,717008320121319424
USGS_WaterData,717107602203607040
USAO_CT,718107205
USAO_DC,718112006
NDGAnews,718120489
SDGAnews,718126513
DIDnews,718131092
SDINnews,718139268
MDLAnews,718156279
DMAnews1,718162765
DMNnews,718168232
VisserCDC,718485924
FedCitSci,719525040849567749
EarthVitalSigns,719626902114344961
USAO_SC,720245903638929409
DHSNuclear,720648807533387779
NCITomMisteli,720954997303865346
DOIWildlandFire,720999142986792961
NWQMC,721004746711048192
ChacoCultureNHP,721403442665795584
SallyQYates,723185462022565888
USAttyVance,723256335056408580
NavyHistoryNews,723458843989020672
ARCQU,723618572
cheecker,725051591015936004
NIHR15,725738694389420033
IRSnews,72631996
DroughtGov,726951074
fgdcgov,727523309504462848
USEmbassyFrance,72814599
EducationUSA_de,72842827
CorpsNewEngland,72885380
DeploymentPsych,72889857
USGS_Pubs,728984124
USAIDEurope,730402705458532352
USForeignAssist,730418762222968832
usembassy_quito,73050516
chinfo,731364674
TheJusticeDept,73181712
HHS_ViralHep,732580019629924352
NIHBrainTumor,732632763992539136
USEmbassyBanjul,732674730
LSCtweets,73270807
NDUPEL,732920704262410240
USACE_MED,733548570
USEmbCameroon,73395703
DrZazaCDC,734694858003259392
steamtownnhs,735118838556196868
512AirliftWing,73689397
USConsLeipzig,73867813
USAO_MDGA,738776157462630400
miFBIHouston,740172623884222464
cahealthcaresvc,740257135716507649
SmithsonianScie,740529408
USGS_Texas,740580648461602820
USAO_MDNC,741360749994496000
usembbudapest,74189049
GSAOSBU,74227840
USNavyUnderSec,742404235107569665
NTSB_Newsroom,743161872669630464
USAO_EDNC,743427996170788869
NCICancerTrials,743479694012592128
NWSAnchorage,743599406
usconsfrankfurt,74386762
USNavyResearch,74400041
Fulbright_PT,74439049
FDAfood,745476127
NCIBehaviors,745627735695974404
MDPAnews,745874570
ENERGYSTARBldgs,74741722
USembUAE,747759328275238913
NASAWebbTelescp,748591595914690560
NWSBlacksburg,749168208
voaindonesia,75077164
US_GSAR4,75121951
EPAair,753692879499976705
ccbeubarretos,75449384
USAttyParker,755393285380800513
AnacostiaNPS,755493428453117953
usemb_afwomen,756442442
USGSLandsat,75662577
ProjectOpenData,758816907587821570
bpanews,758819649995677697
USAIDOTI,759999566
lakemeadnra,760901840024272896
NPSOklahoma,761221433519378432
USGSVolcanoes,761257471952379904
tonto_nps,763085007346802688
Interior,76348185
USAIDSenegal,763629079
WMDCenter,763774233826713600
USGSNewsGeology,764126062460542976
Nutrition_gov,76420529
doioig,76479832
FulbrightTurkey,76575728
USDA_ARS,76733474
HomesteadNM,76808487
CDCIZLearn,768630221008437248
nnmigov,769150232294748160
AmbLocke,76936279
USEmbassyCairo,76945884
JeanLafitteNPS,769782108
NCIsysbio,770322318635728896
OSHA_DOL,771076568114425856
AFNIwakuni,77137381
PollyinCambodia,771526597996412928
EdUSAupdates,771766679294578688
usaidmorocco,77226727
CARL_Library,77265697
NWSRaleigh,773298642
LibnOfCongress,774337933893636096
usconsulatekhi,77445267
macon44,776593497122082820
EdUSABangalore,777858044
housebudgetGOP,778700700696010754
NWS_NTWC,778882057
NDTXnews,778953871
usaidpacificisl,779021690172997632
USEmbassyRiga,77951180
NPSEducation,78023289
GSA_ITC,78030096
WISE_Mission,78133467
NAVHOSPPCOLA,783151915
NCIBennett,783692553778499584
DeptVetAffairs,78408666
ussanchorage,784604082
usembassymanila,78489442
NWSPittsburgh,785287422
GeyserNPS,785567294
USEmbassyWarsaw,78558366
VETS_DOL,786328450067943424
foodsafetygov,78669790
AutoAuctionsGSA,78675277
BDOCNorfolk,787102742
GSARBA,78723598
AlertNIH,787650583
WHD_DOL,788446532722765825
EdUSAIndia,788743435
InnovateDotNASA,789434683
NCIPhySci,789753962
USDA_APHIS,78977078
NPSGEWA,78993784
USGS_LMG,792051753470550016
FtVancouverNPS,79275247
ambgoldberg,793161207779733504
science360,79321561
AmbPWhite,793889478
EduUSArg,79489467
EdUSAElSalvador,79534290
AdvisorsPeru,79544557
EMKCenter,798648588
FortSmithNPS,80049441
Studio7VOA,80095255
USAO_NDNY,801089690489286657
HaleakalaNPS,80180108
NWS_PTWC,802356409
USGS_Silverlake,802777308
VOATiengViet,80298155
uniaocultural,80421226
FLEXProgram,804679796
ReadyNIH,804771978
IAFgrassroots,804779462
USAO_WDWI,805853995277447172
NAVSEACorona,80602735
scijinks,80613575
NASAUniverseEdu,80660928
EdUSACevam,80678186
Volcanoes_NPS,80711731
SenateSAA,807253855
USGSWetlands,807576864
NOAAFisheriesAK,807806754
girlshealth,8082302
FedRegister,80834534
CDCNamibia,808429874
AbilityOne75,809296616
NWSBinghamton,809914358
BOPCareers,811241268646965248
VOAArmenian,81159292
LakeMeredithNPS,812375666830274560
AlibatesNPS,812685048847679492
USAmbBanjul,815503969
USEmbPortugal,817133173
FLOTUS,818876014390603776
VP,818910970567344128
LaCasaBlanca,818925774493405188
NCICompOnc,819951446
LaborSec,819980276570976256
AmbassadorRice,820378690920058880
OPMDirector,821385258977394688
NWSMARFC,821401298
DOIDepSec,821456935421693952
CarolineKennedy,821553841992769536
NavalEnergy,82161632
vaportland,82179651
USAIDJordan,821816827
OceanPortal,82208992
DOIPressSec,822135812083085313
NoahMamet,822150572317036548
CathyNovelli,822195992225259521
WhiteHouse,822215673812119553
POTUS,822215679726100480
AmbShapiro,822327101231509504
TheRealCVN71,822328100
CraigatFEMA,822911848198668290
USEmbassyPrague,82306946
NWSNERFC,823098086
AssateagueNPS,82426673
IKNGov,82428081
EdUSAEcuador,82429282
Astro_Ron,82453323
TrainingWingSix,826155036
PicturedRocksNL,82669604
PresCancerPanel,82675316
cnrnw,82693907
LawLibCongress,82959058
USEmbLuxembourg,833031638
USAIDSouthSudan,835775467
NSF_NSB,836644759
FWS8Congress,838176680
FLEXalumniAZ,838463532
EducatUSATartu,83847042
minemaps,83860132
FireAviationNPS,838686812
VAVetBenefits,83922884
USAndMumbai,84155547
EdUSAIndonesia,84268282
VANatCemeteries,84318793
NavyOceans,84340979
USCGSoutheast,84382289
USDAForeignAg,84387689
ThomasStoneNHS,84390526
HPFEB,84644356
AmbPeterBodde,846784656
NavStress,84687207
SteveMullUSA,848472036
HolocaustMuseum,8487622
USEmbassyAccra,850905278
nbguam,85228888
AmbElliott,855807462
nwcouncil,85613206
PittsburghFEB,856658448
EducationUSA_LV,857788171
csaSoldier4Life,858020924
HUDOIG,858091345
FFSCKB,85810407
USEmbassyBogota,85867670
ACJos1,859449992
usembvienna,86029229
NWS_BaltWash,860334187
AlleghPortNPS,86058755
INDEPENDENCENHP,86100693
DOTInspectorGen,86156505
EducationUSAMLG,862569114
Astro_Flow,86336234
NASABeAMartian,86352195
NavyRegSW,86388041
HealthCareGov,86697288
amb_jeff,869362819
NASA_Dawn,86977818
SIGTARP,869918072
secallahan,873600584
NRCS_PA,874172084
Astro_TJ,87520051
EACKabul,87614366
SSS_gov,876208159
usosce,87914827
astro_ricky,879153462
NWSBoise,879162199
EvansKabul,879350670
HUDUSERnews,87990563
FedsHireVets,88040243
EPAGreatLakes,88040819
NWSGJT,885441518
NavRegHawaii,88726372
USAO_EDTX,888967147
GWBLibrary,889115678
EURPressOffice,889118168
US_Center,889180130
EdUSAChile,88923580
USEmbassyDublin,88956373
SmithsonianEdu,88957553
ccbeufranca,89263577
USIEFMumbai,89408522
USA_China_Talk,89421672
Fulbright_Congo,894674977
BlueAngels,89539134
NAVYSeaWarrior,89543062
AFBurialGrndNPS,89731752
CULTURALAQP,89796045
MIMI_Ranger,898098092
FulbrightHU,902099695
VANWIHCS,90234956
JSOTFP,90340062
usembassygabon,90410353
EducationUSA_GT,906154309
FEMAespanol,908090677
CheyenneVAMC,90952517
NatCapWing,91001162
USEmbSL,91046596
PeaceCorps,9109712
KeweenawNPS,91119211
educationusauy,91180977
CSSDETDINFOS,912449306
Astro_Cady,91409081
FEMAlive,915026858
NOAANCEIclimate,916735110
usachp,919590252
TuscaloosaVA,92070942
USEMBASSYPERU,92291383
MeiGuoCanKao,92350971
TRooseveltNPS,92380090
FEMASandy,925999250
irclimaperu,928477141
NishaBiswal,932303468
usembassytokyo,93471126
TVAnews,93688013
BlueRidgeNPS,93689279
usmint,93694952
CHISNPS,937267308
NMC_SD,937425368
USNRL,93930694
USOCC,93949373
USGSBigQuakes,94119095
basrahsm,942951433
BighornCanyNPS,94573248
TheHeartTruth,94588784
PMNGEN,94639195
usdatagov,94642927
BandelierNPS,94694776
USinHolySee,947388787
TheCommissary,948347850
OJPNIJ,950069113
NASA_Espanol,950567641
VOAAfaanOromoo,952266758
FulbrightCol,95280961
ACLecheria,95643793
NCICancerCtrl,95753389
USGS_HDDS,958321766
CDCSouthAfrica,958523305
StateDept_GCJ,958751048
OSTIgov,95966741
NIOSHOilandGas,960707826
NCIEpi,960868651
NASAWavelength,960871526
MissionsNPS,96139069
StateDept,9624742
State_DRL,96354656
ccbeusorocaba,96739793
RockyNPS,96783382
USAJOBS,96828828
EdUSAUkraine,96947882
usconshamburg,97008128
TVAjobs,97089724
WHAAsstSecty,97190495
eDipAtState,97261425
launchorg,97272576
NIOSHespanol,974598566
NIEHS,97464922
usnavyband,97509804
MyCUgov,976141315
Alzheimers_NIH,976538112
fgbnms,977062896
vasaltlakecity,97766690
NLM_HIVplus50,978529722
nlm_newsroom,986597958
NOAANCEIocngeo,991531530
ConnectToNature,993022098
USinTT,993611407
NASAJSCStudents,997540122
ndupress,99949940
