Nationals,39419180
Cubs,41144996
MLB,18479513
NFL,19426551
Yankees,40927173
Patriots,31126587
Redskins,36375662
Royals,28603812
KingJames,23083404
warriors,26270913
Orioles,39389304
Bharper3407,776049583
Mets,39367703
Seahawks,23642374
SFGiants,43024351
WashWizards,14992591
MC_Raptors,482345641
NBA,19923144
ChicagoBears,47964412
ussoccer,7563792
serenawilliams,26589987
packers,35865630
CWSoftballGame,259918701
steelers,19426729
Ravens,22146282
cavs,19263978
Broncos,18734310
RedSox,40918816
AtlantaFalcons,16347506
dcunited,15997022
masnNationals,121473537
NCAA,31122496
RGIII,498961017
PuckBuddys,230785496
Dodgers,23043294
Cardinals,52847728
Capitals,14801539
Padres,37837907
NHL,50004938
buffalobills,25084916
Indians,52861612
Pirates,37947138
Grantland33,241964676
Arsenal,34613288
Panthers,56443153
JoseCanseco,19715003
Lions,44666348
Eagles,180503626
MichaelPhelps,225539878
GeorgetownHoyas,7856582
MLS,107146095
chicagobulls,16212685
dallascowboys,8824902
