Lin_Manuel,79923701
ladygaga,14230524
taylorswift13,17919972
HouseofCards,1023096199
Montel_Williams,28096105
kanyewest,169686021
HamiltonMusical,2863488598
iamjohnoliver,316389142
springsteen,43383705
Battlefield,27855118
bevysmith,17888589
serial,2319108198
JohnnyGWeir,39943742
BachelorABC,346878074
katyperry,21447363
CBSInnovationTV,2698300332
Oprah,19397785
Beyonce,31239408
930Club,20257611
HBO,15635604
arenastage,17373329
GeorgeTakei,237845487
Jeopardy,52554306
starwars,20106852
cher,124003770
mindykaling,23544596
JDVance1,1542228578
chancetherapper,181572333
KimKardashian,25365536
Pharrell,338084918
lenadunham,31080039
LeoDiCaprio,133880286
VeepHBO,404137465
justinbieber,27260086
tomhanks,50374439
SHO_Homeland,250205792
billyjoel,85401970
amyschumer,55117855
TheAmericansFX,546447987
GameOfThrones,180463340
sxsw,784304
TLCplMax,157465281
TheAVClub,16027904
kathygriffin,21148293
robdelaney,22084427
bomani_jones,21129105
mistyonpointe,168374159
BradThor,20748745
hasanminhaj,14652182
stownpodcast,804036710090899456
iamsambee,271725689
nuccbko,20714338
FullFrontalSamB,3420477195
AlecBaldwin,703808448
Alyssa_Milano,26642006
pattonoswalt,139162440
SnoopDogg,3004231
melissamccarthy,586136477
ABCDesignated,727603401933135873
