maggieNYT,93069110
jaketapper,14529929
PhilipRucker,59331128
elisefoley,142721190
ddiamond,16868756
mattyglesias,15446531
Alex_Roarty,26133429
ktumulty,14270650
costareports,86129724
CillizzaCNN,14412533
SopanDeb,48120914
jbarro,16244449
brianstelter,14515799
morningmoneyben,135575282
chucktodd,50325797
blakehounshell,17243582
lizzieohreally,51462013
lrozen,47455112
reidepstein,18772897
Bencjacobs,218325695
sangerkatz,370113964
mateagold,14677751
ron_fournier,14268812
pbump,950531
EWTNNewsNightly,1726207638
chrislhayes,4207961
wpjenna,15893354
jonallendc,43409523
TheStalwart,14096763
ggreenwald,16076032
JoshZumbrun,289462808
alexburnsNYT,79743108
JohnJHarwood,259395895
NickBaumann,18164272
SonnyBunch,70424767
GStephanopoulos,17074440
jonathanchait,50446226
juliemason,6904552
mckaycoppins,21431618
bterris,17340781
fmanjoo,2195241
JaredRizzi,19576571
dceiver,14066024
jimtankersley,133947893
JeffreyGoldberg,47448886
katherinemiller,15741036
AthertonKD,14794913
charlesornstein,22278303
benpershing,106514937
jdawsey1,38936142
BuzzFeedBen,9532402
RalstonReports,14413466
aedwardslevy,23908154
MarcACaputo,227373977
jpodhoretz,12612432
taykuy,15714370
aawayne,38232102
ABWashBureau,257019844
TimAlberta,184860130
hughhewitt,15075999
bethreinhard,34022952
Kyle_Feldscher,270457886
abbydphillip,126722715
Matt_D_Cohen,266284261
jbouie,14190948
AdamSerwer,16326882
NoahCRothman,168531961
ElaheIzadi,38496530
nickconfessore,258885469
HayesBrown,65551087
swin24,44688778
Gardner_LM,221563863
JGreenDC,297690193
CitizenCohn,21634627
Nate_Cohn,463765807
davelevinthal,222554961
DylanByers,236026761
WPJohnWagner,309354920
WesleyLowery,14849562
jeffmason1,120180668
jeffzeleny,85131054
AlexJamesFitz,24622734
MarkHalperin,184136149
AprilDRyan,18018355
NorahODonnell,21111896
juliaioffe,71048726
maustermuhle,148868920
abeaujon,12609882
mattdpearce,69004966
FrancoisF24,269729359
thegarance,7848802
maddow,16129920
JenniferJJacobs,15433452
DanLamothe,68498034
ErikWemple,18771370
bradplumer,15507433
anniekarni,309282144
laraseligman,49510236
AmyAHarder,39279393
JoeNBC,21619519
joshtpm,21268897
aseitzwald,82167518
LeighGiangreco,220911060
davidfrum,18686907
lachlan,15742985
rubycramer,18697888
LukeRussert,21220931
amyewalter,50073507
BenjySarlin,16006592
BizWriterKristi,15724667
Acosta,22771961
thamburger,17270262
AliWatkins,146252766
redsteeze,393469195
greta,16031927
pescami,12382582
MichaelCBender,54622050
sidhubaba,65639777
_cingraham,452521774
hillhulse,138479037
cristianafarias,57362673
Carrasquillo,21688902
kristoncapps,25570250
ctorresreporter,2208111308
mattapuzzo,15586316
APDiploWriter,2149973089
AdamWollner,61090009
AlecMacGillis,436925910
dave_brown24,2848493051
KFILE,326255267
stefanfatsis,69761615
JoshuaGreen,17044233
libbycwatson,26579715
robertarampton,90658621
tshoop,16030383
megynkelly,110445334
jmsummers,11680962
andersoncooper,15224867
mattklewis,16887628
agearan,15765991
ashleyfeinberg,165944767
davidaxelrod,244655353
Sulliview,460470940
attackerman,15978412
petridishes,49986034
MelMcIntire,153895662
toddzwillich,28902856
dandrezner,75797367
mattfleg,218276360
zachdcarter,17119688
ChadPergram,16187637
GeraldFSeib,18915795
AshCrossan,25417978
WajahatAli,21733692
wolfblitzer,71294756
jonward11,16297707
DouthatNYT,546135718
ForecasterEnten,138141495
RyanLizza,80617430
Travis_Waldron,17355459
libbyanelson,310455468
amychozick,119491006
betsy_klein,22302678
anamariecox,11640472
DemFromCT,19087651
tamarakeithNPR,15483390
gwenifill,164412502
Max_Fisher,17060020
markberman,16893929
MattZeitlin,12263542
seanhannity,41634520
dcsportsbog,15234542
kelseylh,21100400
MarkLeibovich,147649517
DavidMuir,56223278
maxjrosenthal,60040821
TamarHallerman,197183834
jonfavs,130496027
EliStokols,75939860
ktullymcmanus,207243664
mcwm,15535595
moorehn,17698956
sbg1,31037199
DaviSusan,151444950
matthewjdowd,288363743
ryanstruyk,309822757
navybook,359736798
SimonMaloy,217064621
kkondik,251627765
GlennKesslerWP,235196204
GregJaffe,330579721
mitchellreports,89820928
mikiebarb,282545479
sestamm,50688776
K8brannen,309680827
bendreyfuss,18269124
timothypmurphy,17291452
Neil_Irwin,156016878
NateSilver538,16017475
Reinlwapo,148474439
DanaBashCNN,108617810
elongreen,340644602
danmericaCNN,36890646
JonahNRO,71627462
julianbarnes,50406326
GregRoumeliotis,783779510
adamentous,47098558
johndickerson,15670644
kasie,12354832
MrDanZak,66267332
NickRiccardi,438561525
fivefifths,36252186
Alankota,261918703
MZHemingway,18005085
EWErickson,640893
StephenAtHome,16303106
AlanMCole,705060452
alweaver22,95450915
iswanTheHill,23967935
brennawilliams,38855868
DavidCornDC,15220768
politiCOHEN_,261023298
charlierose,58550415
amusedbrit,29387496
pdacosta,65466158
petersuderman,4107581
MikeIsaac,19040598
charlie_savage,16172747
JamesFallows,24789175
DavidLarter,377419742
jasoncherkis,17143313
DianeSawyer,282735852
ebruenig,1471542956
SethAMandel,150281740
greg_ip,234409558
Patrick_C_Reis,285744541
CarlosLozadaWP,95518830
ZTracer,14622223
OConnellPostbiz,68456106
mims,1769191
ValerieVolco,226595853
JRubinBlogger,218975278
BenjaminBHerold,1114654830
bennyjohnson,15212187
MattLaslo,26607712
spulliam,15027086
mlcalderone,63004503
JuddLegum,15464697
cparsons,6112442
LoopEmma,498549828
rjgianfortune,17089654
charlescwcooke,233484761
JessicaTaylor,93876666
jeremyart,35038762
jimantle,269375709
BillKristol,2800581040
markzbarabak,294270520
adamgoldmanwp,783492998923517952
mdawriter,50197083
rolandsmartin,16116288
BecketAdams,454119389
BretBaier,18646108
BrendanNyhan,84653850
paigelav,16369359
yayitsrob,2400631
SeanTrende,125375423
shaneharris,58504135
HenryJGomez,14340977
afrakt,64591392
TheRickWilson,19084896
nancyayoussef,30550346
clintonyates,21920875
Heminator,14347972
TeamCavuto,223970563
cbudoffbrown,9862752
jadler1969,155214257
SteveMatthews12,33621469
johngramlich,29598035
jsidman,19824951
nakashimae,22485748
NickKristof,17004618
jrezaian,14926939
ethanklapper,6332292
lauremandeville,1220251794
ChrisMegerian,31532083
TuckerCarlson,22703645
scottpwaldman,127956843
JohnWaggoner,29300726
shushwalshe,52774637
ndiblasio,133081159
emilynussbaum,12096202
ozoran,106634441
NoahShachtman,15728161
colvinj,20660342
ArmstrongDrew,84684955
meganmurp,88035633
JamesPindell,243639047
TVietor08,155784594
boes_,42570063
shmcminn,206260986
Maddie_Marshall,72473481
bstorrow,261838928
TomGrahsler,558864311
amalhotra2,480127470
kylegriffin1,32871086
frankthorpNBC,721017933929914368
imillhiser,26165922
ReutersZengerle,89220865
sharrowsDC,145821662
bmaz,155658192
yunjid,21397043
StephArmour1,142393556
carr2n,24773177
CarolLeonnig,108710418
jheil,14251225
HeerJeet,604940737
PerryStein,21175250
soledadobrien,26548315
samknight1,38460804
alexwitze,23760311
IChotiner,571297251
GibsonWrites,54942492
SalenaZito,16101182
AdamWeinstein,20725994
hyperplanes,1333052750
davecatanese,15901113
matthewherper,44438256
JasonLeopold,17094311
AaronBlake,136300373
bkesling,215694545
MartinDiCaro,498852873
ZachFB,533179333
JHWeissmann,47526275
SylvanLane,162225194
MattNegrin,15751676
JennaMC_Laugh,1868300024
JayCostTWS,550708707
JasonMillman,82509878
VictorinoMatus,627545884
tmoore76ers,214650466
pennstatetom,252296570
ylanmui,21802625
SharkParsons,1917567608
ajjaffe,28049266
AzmatZahra,16109501
SteveKornacki,44134773
mmurraypolitics,92079350
DougHeye,65106660
JoePWilliams31,54359998
mmbilal,18217117
ClaraJeffery,43412697
ScottPelley,292929561
prashantrao,25974152
AnnCoulter,196168350
crampell,14348157
MrTimRegan,1095524654
jeffglor,41662642
christinawilkie,15359578
EdMorrissey,16787084
GingerGibson,242944499
ZacharyBrennan,605657704
ryanlcooper,214120461
DKThomp,37723353
amybushatz,22217959
wjhenn,66450049
kairyssdal,30013010
justin_fenton,25541932
patcaldwell,37932056
owillis,3497941
frankthorp,14007532
DLeonhardt,168295477
dataeditor,22816767
hunterw,18967418
willrahn,174338995
AdamKSnider,388468632
erikabolstad,23634358
michaelbd,9840002
JohnKingCNN,30043495
jmestepa,6096642
amieparnes,57770539
tom_stackpole,339279439
guypbenson,16193222
TimJHanrahan,36442614
alanzilberman,48777431
morninggloria,25375836
migold,14403440
jennyrogersDC,158805689
ChrisCuomo,22799750
loisbeckett,21134925
poconnorWSJ,218952383
Tmgneff,439804287
julito77,17050431
byjoelanderson,16253142
marincogan,44960116
teddyschleifer,286432534
doliver8,180664700
speechboy71,113061485
TaylorLorenz,208725869
WilliamTurton,99012883
CalebMelby,33447166
MikeLeeFW,583057845
DavidUberti,98978931
mekosoff,81965252
westonphippen,107144719
binarybits,14165170
KSoltisAnderson,12889162
adegrandpre,252764352
PatriciaMazzei,20083388
Kredo0,131538331
MatthewNussbaum,1871559758
conor64,14046504
drewharwell,15276573
ajchavar,17822855
CaitlinFrazier,118173606
TedNesi,14280299
GideonResnick,377778216
JoyAnnReid,49698134
farhip,18175442
sfutterman,16588288
PeteSouza,821782476515409920
columlynch,17160680
JenniferShutt,544378056
moody,18963809
ZaidJilani,66533920
tomricks1,2319632756
felixsalmon,16399949
maggiepolitico,3018497103
Neda_Semnani,227841653
FemiOke,109669677
tomfitzgerald,14248963
kyletblaine,314780676
tripgabriel,39245720
jimrutenberg,255347566
jason_koebler,16714347
peterogburn,143424488
ChadLivengood,23545095
jwpetersNYT,163598915
20committee,635608354
ZachMontellaro,546247295
rcallimachi,30699754
DavidCloudLAT,1583642803
totalvibration,24798489
CThompsonENQ,322770027
AndyMacMiller,15140327
jim_newell,128733097
emmersbrown,26159450
juliaoftoronto,75890868
BDayspring,21301933
AnnieLowrey,37281592
realdanstoller,4656989477
justinjm1,164397041
GardinerHarris,317176953
EWAEmily,351995076
BDNEWSGUY,271595205
AnnCompton,15677585
HansNichols,17908972
ishaantharoor,44317593
jswatz,11179192
joshgreenman,19024627
HallieJackson,37590426
andrewmcgill,20348217
deirdrewalshcnn,103087786
dbiello,14323791
JennaBrowder,202200137
TaliaBuford,249348169
liznagy,34482558
pdmcleod,123322294
brithume,112047805
taylakaye,223882132
GregIacurci,867117367
liamstack,133929829
kjwinston11,158902205
ddayen,7864222
Busfield,18055216
KamenIntheLoop,272016697
Kate_HunterDC,91671740
lydiadepillis,21518962
matthewamiller,55948054
sissenberg,20268045
AamerISmad,15896580
Jeff_Benjamin,80833706
eScarry,18155174
allymutnick,173346422
spettypi,32410378
SmiloTweets,309714212
iarnsdorf,156382757
ChassNews,17810978
oliverdarcy,27075032
DLind,14471411
cathleendecker,41488991
palewire,14559196
GavinBade,369618088
stuartpstevens,1543986138
soniasaraiya,140126704
jefftomich,17220758
FrankBruni,37291805
mathewi,824157
LVozzella,96780563
brunodebbie,103068121
alliegrasgreen,26103768
ctraywick,73003960
LukeRunyon,151689073
billkuchman,23900462
gabriellahope_,536528296
PaulRRigney,457121463
yashar,11744152
michaelarossa,1620720727
andymvanwye,4333484733
IgnatiusPost,423631401
EJDionne,453319164
RebeccaJarvis,152341106
ScottShaneNYT,61817626
GrahamVyse,618359906
deep_beige,605556917
catherine_lucey,872854609
tomsherwood,49793110
marycjordan,46122873
SaqibSansU,15666838
PaulBlu,14276218
cvonka,179163585
lhfang,7900962
Carol_E_Lee,3431570829
debra_kahn,143626997
petergrier,193438085
alanblinder,33391760
DonGonyea,61285110
benshapiro,17995040
mirandamarshall,10319312
mkhammer,4923811
erichoov,707730192
hunterschwarz,18939358
Reddy,21312469
cate_long,15659909
sarahussein,108668795
adamcancryn,49849334
TimOBrien,20742461
jennaportnoy,119199684
MiriamElder,18295206
scottbix,148116121
apblake,15052671
JerylBier,479568408
Rebecca_CBSNJ,2800475524
evanperez,92544900
ARStrasser,272991363
retheauditors,14289197
Ed_Demaria,234879892
Noahpinion,281877818
emmacarew,84764215
sullivanamy,26402448
TomLlamasABC,86174088
andrewmseaman,15564815
afreedma,15489945
pareene,50149303
AnneCMulkern,49117919
Woellert,54616608
noamscheiber,249469549
danvock,17173766
MikeElk,52615210
KatzOnEarth,144286635
charliespiering,16113700
lalaedmonds,72637972
alangomez,16413730
lpolgreen,17152685
tarapalmeri,21334179
byamberphillips,106520446
bdomenech,14989516
DanaPerino,27311044
zbyronwolf,59130623
NPRinskeep,115710058
adamnagourney,339332911
newsbysamuels,41210267
JoeHeim,25408081
ESPNAndyKatz,85961526
arawnsley,198939070
marcustraxler,244617129
billclarkphotos,22830647
tobinharshaw,47657283
TexasTribAbby,121795745
geneweingarten,15325142
ryan_rainey,18854230
nicktheandersen,18844918
paulschwartzman,56483220
JonDavenport1,19053453
KevinGHall,16029522
AlexCKaufman,94215105
FRoseDC,19079225
mehdirhasan,130557513
johnson_carrie,299877078
JimPethokoukis,16491569
mimbsy,15924588
jenkoons,18777902
MichaelMcGough3,408777266
byrdinator,2167286587
freddoso,16007460
McCormickJohn,21322255
joanwalsh,1106501
baseballcrank,38021361
reenaninan,169612620
yeselson,523804354
edyong209,19767193
HowardKurtz,15731368
reallyfarrah,273637390
adamjohnsonNYC,756331316
StevenMufson,584139171
Lawrence,158426909
samsanders,16442379
AlyssaRosenberg,17174089
amandacarpenter,14844867
jaredbkeller,53429839
IanKullgren,237886660
gregotto,17049822
mccanner,42313640
KamahlAJE,125601462
WSJSolomon,268324726
bencasselman,16319594
kateconger,316154811
petersagal,14985228
sophieGG,25558984
LizSzabo,48110818
ananavarro,19568591
armandodkos,930178296
davegershgorn,2743000744
kleinmatic,6183492
jm_bos,22109355
simonjkennedy,53326942
rebekahmetzler,172979014
AriMelber,15441965
morningmika,18227519
jimmyfallon,15485441
asymmetricinfo,16353245
jzembik,19980950
RichLowry,40116885
Dchinni,14886998
ChuckLane1,247530626
kavya_balaraman,3108311262
mj_lee,139738464
MarkMazzettiNYT,168684891
marcatracy,61108556
jimsciutto,22129280
DavidMastio,14327663
missy_ryan,31173062
Elaine_Quijano,172491865
Revkin,11178672
ryanpitts,5446692
elainaplott,42153941
JonLemire,182398325
CSPANBen,627357044
iankatz,17595285
GarrettHaake,47991586
alivitali,31058145
louisjnelson,114257655
JoePerticone,2369949012
ssstrom,21415998
AHCJ_Pia,15586341
melissa_charlot,3994715423
jonsteingart,34041322
ChadSDay,15525272
malito_ali,757997401
YeshaCallahan,14720959
brikeilarcnn,46817943
Peggynoonannyc,35474809
bluestein,16563015
dhmontgomery,194351775
vplus,14560097
zubakskees,15104107
noahmccormack,132730268
rachelcbrody,512468744
carolrosenberg,32129142
ericwolff,15569249
jhoffman,1431301
LATSeema,106291885
MichelleFields,122226401
cjane87,15195539
BretStephensNYT,1428659995
TerryMoran,15234546
aaronecarroll,26138276
annecronin,26015134
tomlobianco,17466186
michaelsderby,143506878
camanpour,69181624
BryanLowry3,860712752
rjrusak,76471706
raisazaidi,64484189
cwarzel,20178419
jonlovett,174110843
justingeorge,19042788
lorenzoFB,55643029
DaniDougPost,182471278
DaniellaMicaela,1132012321
beckybowers,14283164
SharylAttkisson,203226736
CarlCannon,103447346
chrissyfarr,211583400
bydanielvictor,11545652
danielmarans,133081348
Sarah_Boxer,41272328
Lussenpop,116890278
laura_nelson,16538210
davidlsims,20598484
EricHolthaus,290180065
jfdulac,20436443
EmmaVAngerer,158565222
michaelschwab13,42688735
MeghanHoyer,258599525
DoreyScheimer,269579030
myhlee,17066022
BobWoodruff,27090222
yossi_melman,2378420911
ashleyalman,161507445
cjchivers,189180763
Darrow_M,186150041
mitchellvii,17980523
KellyO,224320485
dfriedman33,20769514
stephenfhayes,69773058
darrenrovell,24277551
ObsoleteDogma,167518667
KaterinaSokou,237320454
rtraister,19086859
emmaogreen,1511299686
dorseyshaw,18380182
AndyKroll,45931428
amandalcormier,85647547
AnthonyQuintano,8241232
alexwardb,385447668
glennbeck,17454769
billmaher,19697415
coreyrangel,16173739
dbernstein,1781551
jimgeraghty,15335534
bturque,133875756
zengerle,84730130
Lollardfish,108094234
Kenwardjr,16427734
LesterHoltNBC,25300308
remawriter,34364419
grynbaum,19570075
petermaercbs,2757459091
jselingo,29331255
IngrahamAngle,50769180
LissandraVilla,470792609
ahauslohner,132476518
nickpwing,83788240
cdiersing,28994305
brady_dennis,167494170
Jacob_Brogan,826052299
samfbiddle,44123487
TheWilderThings,99016057
dougmillsnyt,87761810
Bing_Chris,497332727
kaitkucy,34156225
npfandos,782806500
JohnBerman,20522862
CommonCenser,180524012
LizSly,34240147
piersmorgan,216299334
SaraMurray,18637396
BrianRoss,80380326
nickgillespie,18950712
wuerker,21144314
tarangoNYT,117460060
mollyhc,308658903
katiecouric,18812301
dabeard,28279637
PeterBeinart,114870265
sarahkendzior,47475039
edward_klump,160977683
jeffspross,170023205
MichaelRWear,362318851
annawmathews,38317061
palafo,2020351
BorowitzReport,17293897
Hello_Tailor,35629382
PeterAlexander,91386979
ReidStan,185506731
JudyWoodruff,48144950
tomgara,5845492
brianhpotts,3018818924
CIdzelis,2329448226
KeithOlbermann,130617778
catygreen,356621371
ASankin,333734966
lisatozzi,22260999
sisiwei,22426104
CarolineYLChen,576436187
PatrickSvitek,280664117
laurahelmuth,182839127
lmyerslvrj,44078025
christophevogt,52085270
HillaryKelly,34514931
PeterHamby,5336752
kendisgibson,169156588
dannysullivan,858051
LouiseNorris,17875202
arthomason,259322958
DanielPWWood,427986488
rrgarver,19721585
FBillMcMorris,45876240
RobbieGramer,191298624
Yamiche,89887215
jtoonkel,104271807
LouKCurtis,57280617
robpegoraro,7301572
bmcquillen,47106908
ABCLiz,21461944
cjciaramella,15201076
melmason,27993391
JasonUkman,792449084
JerryMarkon,1055911357
HowellONeill,113763153
selenalarson,90992943
mirandacgreen,94418344
by_jmiller,439485110
titonka,47848003
MrJoshPerry,28882005
anu_narayan,15463390
CharlesPPierce,121489431
BenDWalsh,259498996
kurteichenwald,215207998
locke,83480733
AnupKaphle,14534827
StephenGutowski,11783502
bethanyshondark,16597389
GayleKing,29546945
AlexNBCNews,163995093
nataliaerre,37224567
tovarguedez,49782961
Curious_Kurz,325277943
continetti,1053236226
khaslett,55271212
JamesOKeefeIII,16989178
MontyTayloe,332008082
etkeld,7857542
SykesCharlie,95463107
erikhinton,149119936
seangallitz,316832383
aritbenie,165931040
StCollinson,17897395
katieleslienews,74452760
mstratford,11884102
irin,20800328
dansinker,8119452
Yair_Rosenberg,532779460
goldsteinamy,150797735
dcusickmpls,46933311
davidmackau,304932002
craigtimes,62575859
g_ratnam,301634807
RyanKadro,165730790
SooOh,15711444
greenhousenyt,268476335
PoliticoCharlie,98543618
joshjonsmith,104608458
vmsalama,276445663
dominicholden,18874870
OliviaMesser,293065451
pwgavin,16371887
polly,95108733
StateEdWatch,552985473
jlfeder,226956469
nytdavidbrooks,633980404
Amy_Schatz,15935628
shani_o,13367172
thomaskaplan,31053563
kevincorke,33908800
ndhapple,16661097
ABarnardNYT,249013720
KFJ_FP,1952414288
dkahanerules,395045176
CapehartJ,97474887
darlacameron,15200378
deanbaquet,373437924
greenfield64,262223982
davidsirota,14855994
secupp,19268706
jamestaranto,53606937
AlisynCamerota,33310366
nytimesdowd,792007197794467840
jbview,97370449
jenniematthew,125598323
ChrisPeleoLazar,160674277
sfcpoll,16798006
hankstuever,37752080
ahmadmzaghal,233323598
johntabin,14162258
TimJohnson4,14769899
storm_paglia,16790256
FlitterOnFraud,624774427
BrettLoGiurato,18125710
dgoold,16533116
CBSNewsHotSheet,2400175296
ellievhall,15688781
gabrielsherman,34036358
tomkeene,25709609
jendeaderick,4268561
SavannahGuthrie,52070270
dbrauer,14370357
tombenning,133990365
AlexHortonTX,169620752
RobWoodfork,597356995
emmarieNYT,261289053
jackhealyNYT,373791638
MorningCybersec,2469665286
Sarah_Hoye,14295662
kwelkernbc,297532865
mtredden,33399352
jeffjarvis,11435642
USATMoore,621457521
dlberes,119512652
KJTorrance,165622096
nigelduara,6604372
7im,17375281
ASwoyer,55705976
evepeyser,2750877815
TheGattoniCelli,626552846
ceciliakang,16317567
jorgeramosnews,110213431
petersterne,192824559
AdrienneLaF,5548952
BrianLehrer,12011422
DianneG,15382667
tayhatmaker,14983480
DavidKenner,16931360
matt_barnum,1338199994
AlJazeera,76067316
johnjcook,35294738
reihan,14275562
janinegibson,13194
stephenrodrick,190833141
rmc031,64789340
brianboyer,14570738
gnagesh,19089116
BySheilaKaplan,86454370
mlevenson,49033103
NickyWoolf,76000172
jeremymbarr,227744268
ditzkoff,81482674
SariHorwitz,342330158
Patrick_Madden,137499729
jimmykimmel,26053643
LivPetersen,36178328
WillOremus,154016912
NewsmanSilva,293048490
ksieff,16635362
jeremydillonCQ,4099910955
NotThatRKelly,44996163
nixonron,17890544
PeterGreste,64144638
JoelAchenbach,352570175
rachelkaras,133072900
eroston,11620892
GeeDee215,87359651
ericbradner,54322823
annaedge4,188957628
davidfolkenflik,11621822
Goldfarb,7381772
emilybazelon,28708146
dannyyadron,17265327
davidgregory,20608910
sallyjenx,47622780
mhopp7,286466793
JRussellMI,88260598
amorris991,17241440
tobyharnden,19364382
BryanDBender,322699008
emilyaheil,241201385
RachelSB,65664369
jonericnelson,287263845
jcartillier,100248020
pvolpe,14021902
marcambinder,12340562
scavendish,9335362
1PatriciaMurphy,15650573
phscoop,16045981
eisingerj,249758564
_colleenmurphy_,610490416
shauntandon,44404134
DomenicoNPR,20474813
htsuka,15852861
amandahess,16222904
JMPyper,81965017
JTSantucci,24638657
FareedZakaria,41814169
CoganSchneier,1656178220
mattbai,16340501
shefalikulkarni,71847547
JustinOArnold,58872724
GlobeTrotScott,18217304
jeremybmerrill,16569107
RuthMarcus,21148783
stevekolowich,1117102549
DW_Grant,324095750
RoigFranzia,371800458
elisewho,16001350
AndrewNBCNews,24464743
perlberg,277853976
KirstenPowers,14335880
pwoodreporter,41622841
NolteNC,16163639
amarimow,211950466
BenMathisLilley,107217872
jessewegman,131640883
MattGoldstein26,383207452
FenitN,313525999
billscher,14246055
margarethmcgill,44361656
l_e_whyte,21704138
barbarastarrcnn,119048111
jonostrower,14892330
jamiedupree,27882000
AsheSchow,295731821
PaulBegala,352548417
AlisonFrankel,339790344
jon_fischer,25741919
DanEggenWPost,206487352
chadgarland,14967143
ErinMcPike,35027698
carolynryan,15908429
LisaDNews,114050808
PeterKingCBS,24020586
nprmonkeysee,15638615
atanzi,17811167
sarahjeong,47509268
ChuckRossDC,119837703
davidharsanyi,15302774
exjon,16930489
CBSAndrew,2794480026
annsaphir,23084207
scontorno,17824322
SamSifton,27696993
EricaGrieder,17655090
marinafang,49049279
ASE,6392972
alextdaugherty,3291076716
hamiltonnolan,123545062
jackmjenkins,14188527
AliAbunimah,16799023
VanJones68,131497030
pemalevy,61127668
steve_vladeck,380268462
robcrilly,14389212
catarinasaraiva,16222372
ryanobles,16625082
AmyJBrittain,211643692
ShepNewsTeam,169203819
carney,1797991
Joyce_Karam,42407972
MJGerson,21394764
MonicaHesse,33747810
NYTBen,299734693
hollybdc,43581352
jeremyscahill,23839835
Arianedevogue,119107959
alexlaughs,219335586
maxabelson,61023448
the_sy_guy,833990485
gangrey,88713953
kaitiekov,19425227
ericuman,14619527
DavidChalian,21251668
eliglazier,16534580
MadiLAlexander,205026270
btpanko,2567504003
sebwalker,33092289
PaulSzoldra,386815916
stephanieakin,127944134
hmKuldell,97704094
rachel_shorey,172461015
JoshuaHoyos,23470695
stevenjay,78716886
Shiratoeplitz,1730484356
_jeffguo,22465250
DavidGrann,584198802
jonathanspicer,131279159
NickMiroff,115554440
Dawn_Kopecki,17712324
jfagone,38879572
klshall,469298678
EricLichtblau,132589871
martinepowers,47276713
JStein_Vox,334385278
emorwee,19055698
jelani9,14155907
mattdanzico,5690002
peterhambycnn,56907562
mboorstein,262325462
l_whittington,159609655
AkiIto7,76323247
elisaslow,121857220
SalehaMohsin,38154268
VaughnHillyard,68611923
mtracey,24127811
chriscmooney,49164309
EdgeofSports,50684256
frates,16698389
FG_STrim,445828814
bykevinj,65483026
Nigel_Farage,19017675
TMannWSJ,19195460
sarahkaplan48,246980471
NSlayton,47152545
brokeymcpoverty,15932715
jgrovum,16115811
badler,15334380
BillSimmons,32765534
RobinRoberts,267921808
matt_levine,14230772
nxthompson,16892481
JOSreports,193747484
ChrisClaytonDTN,38211356
Kevinliptakcnn,41704988
cfarivar,709313
jasonnobleDMR,27763028
Chris_arnade,459483899
jesseberney,47451496
CarrieNBCNews,21027715
ByLynhBui,15868551
nbenac,21348368
JudyKurtz,240014188
DanCGoldberg,149155812
davidmaraniss,89023284
rickdunham,14884201
zachmider,325777887
joshsternberg,14787085
michellemalkin,15976697
Cernovich,358545917
larry_kudlow,44401911
asduner,281348032
dellisnyc,573856503
AoDespair,738538436
MatthewPhillips,77304134
CharlotteAlter,774510134
monkeycageblog,116630713
WilliamsJon,14460241
tommytomlinson,28583238
jwarminsky,27436134
baseballot,432122791
annamerlan,112017297
_grendan,478806662
jessesingal,214337395
erikmal,2713951
olgakhazan,20776190
tomfriedman,59157393
StephanieSimon_,558997164
mckinneykelsey,16795115
annafifield,65905779
petulad,14619947
KevinNR,109034782
AaronKatersky,125358141
TrevorHughes,15346615
BrookeBCNN,49204865
DLoesch,7702542
mtaibbi,38271276
brianmrosenthal,22089567
jodikantor,15891430
Edsall,15098373
mffisher,15635101
JDiamond1,407396556
dakincampbell,44457688
megangarber,18751963
howappealing,582873149
vivyantran,113436947
paulwaldman1,48797538
emtitus,47498801
EmilyMiller,21434408
HashtagGriswold,1536600704
nohodge,148792604
krauthammer,27744185
JPFreire,14803522
AllMyChandler,252878414
MarkFHand,1078417386
recordedvoice,452388345
kcalamur,17664673
AdamKilgoreWP,85603861
TomBeaumont,15664289
AymanM,23588075
MelanieLisa,25282990
lizcgoodwin,24965555
nhannahjones,25598396
michaeldweiss,18025377
dlknowles,206393099
Profepps,138201697
WSJMoneyBeat,18858395
jasongay,86158118
foxjust,34145908
juliamacfarlane,20159596
hannahfc,25949845
tomsietsema,26843564
tbridis,10943662
kateallthetime,21888410
HughTFerguson,1014240348
DaveThomas5150,256163301
mattiekquinn,137058177
sleavenworth,37735734
NicoleAuerbach,22375230
kavehwaddell,133388615
jkirchick,26178536
alanalevinson,83850551
MoRocca,54275319
RachelSmolkin,423804754
TheStephSy,255559864
howardfineman,14962779
joshuakeating,16393860
acarvin,778057
pbsgwen,1506060668
npenzenstadler,19410511
GregJKrieg,383647766
FayCortez,295746612
vladduthiersCBS,25975036
smaucioneWFED,243303014
AndrewGiambrone,1907861946
MHackman,15977275
AliVelshi,16378486
OvettaWashPost,329768150
carlquintanilla,114782468
hughesroland,23226772
c_cgottlieb,602274330
fischlerCQ,1414038823
JulieZauzmer,368050288
TamarHaspel,90289733
FranklinFoer,153860327
nmeyersohn,2740452163
resnikoff,12244082
davidgura,14888467
PfeifferDC,4795751938
mat,11113
nytimeswell,17002395
asmamk,187838951
AmandaMarcotte,928481
TimAeppel,80903194
EricJLyman,1285630338
alexwagner,54208274
patrickhealynyt,139870125
CQStateReport,2980243258
FightinHydrant,196668977
MaeveReston,16555985
samlagrone,56688305
GeorgeWill,2255182597
jslovegrove,850341738
stevelevine,18438933
Stowydad,16380351
nasiripour,15936982
rodnordland,34374040
eschow,30667108
GPollowitz,18493147
EricaRHill,22190185
isaacstonefish,70547127
LucyConstance,138609690
mikemorones,17063839
AlexiaCampbell,19321779
mattzollerseitz,138416662
HelenKennedy,2199541
ZackFord,20093233
jeffreyanders19,570161497
JessicaValenti,4099171
danprimack,16246929
jordanrau,19849635
MKhan47,24844300
mtomasky,125115830
donnaborak,33964434
Anthony,1140451
ABC7Chicago,17028405
DRUDGE,247723476
grossdm,41159876
JMitchellWSJ,313362915
winterjessica,30530300
russchoma,18989591
jmillerWFED,19052248
meggfishy,47012312
JohnCarreyrou,1968962180
ElizLanders,263473924
annamulrine,44211577
RaleighReporter,1068691076
TimFernholz,36444204
adamsmithtimes,15896464
MikeMartinezDC,329997372
andersen,15359205
bartongellman,117543420
CharlesMBlow,20772763
tedhesson,25294855
JayCaruso,11616202
HardballChris,48802204
KLR_Editor,407129758
Seth_Cline,117587910
susanorlean,11447852
d_harrison,92055121
eosnos,23030211
williamfleitch,19032103
hardball_chris,742419929178210304
willmauldin,339024811
Lkatzenberg,40945798
KT_thomps,104058054
sarahmccammon,21104257
thekarami,431773266
EmGusk,14639216
pwthornton,10322132
Isikoff,334079075
kimberlydozier,4795283535
jeremylottdiary,587190701
mattmansfield,7751892
AlanGreenblatt,542989688
EL_Swan,172018245
MikeWiseguy,46715437
erinruberry,62502942
jamesrbuk,40713876
jkelly3rd,112886485
LaurenLaCapra,36361027
MacFarlaneNews,20280088
borzou,24382468
danielle_ivory,14412101
edhenry,16157855
MickiMaynard,16334480
taffyakner,27444772
kdrum,18276341
virginiahughes,17042078
poniewozik,23480093
SpiegelPeter,410070653
loisromano,19889946
stevesilberman,18655567
froomkin,14588748
FixAaron,1242188942
LorettaSanchez,108376246
SarahDSparks,171996976
bbclysedoucet,108352527
mmcassella,278289813
paulkrugman,17006157
abbyohlheiser,17350129
boreskes,378122528
robertcostaNRO,2243238637
varadmehta,921460356
Al_Drago,25175356
DanFosterType,94139317
maxseddon,349816997
kevincollier,440963378
DonteStallworth,47275328
JulieATate,50057094
MauraJudkis,17068185
BahmanKalbasi,130549887
BenHowe,64088396
alexiskleinman,137319969
alibreland,15863265
annalouiesuss,132512775
fdwilkinson,47402953
GioBenitez,22408312
OzzyForMayor,223885276
csmcdaniel,115551858
kath_krueger,228990510
CelesteKatzNYC,952086582
ShannonBream,18983793
stiles,14790314
kaysteiger,17766477
DPAQreport,604949797
janetadamy,45371411
KilloughCNN,16261513
geoffreyvs,82673602
David_Ingram,17075423
michaelluo,19086456
bubbaprog,62103
natashakorecki,19188848
LouDobbs,26487169
AJVicens,15990207
zackbeauchamp,156783075
karaswisher,5763262
andrewvandam,20292059
samgustin,11852522
jessieopie,19925191
PGourevitch,340441440
willcarless,31435689
eramshaw,20626103
drewmagary,16246688
MaxBlumenthal,53789862
gillianbwhite,134915139
mikenizza,18345986
jodyavirgan,286303032
MikeRiggs,11929312
carlzimmer,14085070
SavorTooth,130906331
wgdunlop,80893332
Joy_Resmovits,100818837
Azi,15264675
FitzFox5DC,1181134878
alexismadrigal,11107172
lhorwich,22668262
kileykroh,1416355640
TimHerrera,3248910245
wsjliz,4026343409
sameenamin,40473787
rembert,83998973
allinwithchris,1286312880
AlanSuderman,163502555
ChrisLicht,22138357
samueloakford,427515851
ahmed,5242
TomKludt,424719241
timcraigpost,157959441
neelaeast,245983319
bylenasun,468499741
bobjherman,2527835190
josephfcox,274991683
bruce_arthur,86002394
SteveEder,120185048
mccrummenWaPo,2499418290
JamesRosenTV,48029066
nprscottsimon,20245775
mboyle1,21426423
Abihabib,219017382
tweyant,170163241
smencimer,115434851
JohnWoodrowCox,188873851
McNeill_Tweets,1849356277
JayneODonnell,14681955
Nawazistan,340466229
TReesShapiro,362108072
heatherhaddon,21012092
APQW,11588922
marynmck,15684633
passantino,2267241
chgrimaldi,417526634
tjjeffries3,1574277764
WaPoVanessa,774449653
jayhancock1,16002877
RobGeorge,14616610
declanwalsh,21734241
desiderioDC,427630477
Bernstein,18121069
B_M_Finnigan,30601622
PoliticsWolf,1049306268
SamLachman,270017791
shondarhimes,17565514
kronayne,29620439
henrygass,233774775
arishapiro,37999041
feliciasonmez,137466464
caitlindewey,21540556
radleybalko,15816595
charlsypanzino,24822113
JessicaHuseman,51781119
sarahposner,17757642
LACaldwellDC,56552341
theintercept,2329066872
carolinehouck,1239833648
kaitlancollins,180107694
MHHmeyer,1514442512
JimWarren55,302098529
yarotrof,30011100
tvoti,26125943
zackwhittaker,15752235
NinaTotenberg,76715323
BowenBBC,42501345
alex,7380362
sheeraf,20052487
MatthewKeysLive,754485
xeni,767
mkady,19354391
michaelalison,47356178
OrrChris,241271040
KellySKennedy,118730543
thetomzone,119756545
MegMcCloskey,25110115
BWilliams,173999134
KatrinaNation,59159771
kelseykgee,48939663
WyreDavies,314553133
RonCharles,18681934
KiritRadia,62849256
powellnyt,301012485
cenkuygur,429227921
mitchprothero,244910581
lachancenaomi,242480017
stevesingiser,86112023
VeronicaStrac,625171555
onesarahjones,113250460
emilymbadger,253152109
kurtbardella,18208368
germanrlopez,64197283
jkuhnhenn,21240602
Stphn_Lacey,143923948
jfleck,13567742
nytimeskrugman,4886807543
AramRoston,515652246
harrysiegel,15717596
minakimes,95975081
SherylNYT,95270375
AsteadWH,362111287
maggiemfox,19164430
TomNamako,160951141
yochidreazen,217454583
RachelFeltman,22270118
nateraymond,17574329
conradhackett,71643224
RoqPlanas,42144884
sherylstolberg,786223348262895617
TracyKWilkinson,1618198993
jbillinson,437737633
DavidWright_CNN,293314112
AmandaWills,14304618
johnrobertsFox,20975060
pblest,22529203
marthamaccallum,46681100
PamelaBrownCNN,63188873
BillHemmer,21010214
ChrisStirewalt,16097702
saba_h,181419468
KurtSchlichter,18089606
jessiehellmann,275208016
MariaBartiromo,208155240
Privacy_Lynch,2781319638
LauraAJarrett,417802349
Walldo,17614726
JudgeJeanine,29458079
samtayrey,3372900155
Bre_payton,39433851
tedbarrettcnn,109639153
catesish,354036742
moneyries,9507342
ShimonPro,65277959
samtayreycnn,859855926756507648
SimonMarksFSN,15486163
emilysteel,7433772
Luhby,529733928
Eugene_Scott,315331161
GillianHTurner,2263438704
ukelyon,37997466
NoceraBV,2561646679
inafried,16120265
GloriaBorger,769641584
DavidCayJ,338608917
PrisonPlanet,18643437
CraigSilverman,975731
Rene_MarshCNN,30722743
harry_horton,140144781
ADouglasNews,712814592
juliaccarpenter,409762107
EstherYuHsiLee,1373441167
johnastoehr,110213124
dcbubblepod,837373665020891141
frankpallotta,31422711
GenePark,15100219
AlliemalCNN,46309291
TheBrockJohnson,128287094
JackPosobiec,592730371
BenMullin,212557033
NoahGrayCNN,17243733
LC_Nichols,49468825
jendeben,2846196896
JonEHecht,2269876740
CeciliaVega,22049293
imkialikethecar,245697392
dellcam,103392633
FedEdJill,3323010515
mariasacchetti,27058347
AriannaSkibell,2191000195
THAToneil,54594148
SunlenSerfaty,57768217
EliBWatkins,902886877
evanvucci,17092916
colincampbell,244722043
EvanSparks,4228782735
ben_geier,602060212
niaCNN,20259954
KateBolduan,20109439
JesseDrucker,322658160
carlbernstein,755886754180243456
KatMcKinley,13023332
RichEdsonDC,213767250
willripleyCNN,22138134
kelseymsutton,2666945642
seanhackbarth,11246242
W7VOA,17919393
natemcdermott,43797990
SeanMcElwee,318692762
bjlefebvre,47184279
TheOtherKeppler,397478799
ANHQDC,21301913
yabutaleb7,418325508
Isa_Chapman,441258025
SteveKopack,15065434
ArminRosen,68310299
RealAlexJones,109065990
rkylesmith,14133760
MikeDelMoro,31059230
MadelineRConway,1120319856
hannahgais,369848802
greggutfeld,28628850
MeghanMcCain,23176276
jtLOL,11203972
EamonJavers,257661436
EricaLG,22283200
liszhou,250013785
maureendowd,59145948
IAMMGraham,19550464
benjstrauss,24260086
CharlesHurt,97034895
JoshMeyerDC,431719095
LucasFoxNews,1176004076
AthenaCNN,57751453
MikeEmanuelFox,129879105
khart,15109378
AdamHSays,85764133
ChrisRuddyNMX,789977198
gastonmooney,21236099
JenGriffinFNC,885149478
eliselabottcnn,18996618
LelandVittert,21010253
MichLKosinski,303898942
tanzinavega,154145174
s_m_i,14173930
albamonica,71584155
woodwriter,19206076
lisang,7707062
annalecta,792038436
SRuhle,382685028
PhilipWegmann,591973307
terryteachout,19184998
will_doran,130620533
CarlPrinetweets,3318781131
Mobute,15914986
HCTrudo,807176238
MilTimesTony,248851654
TomRtweets,55246869
alex_shephard,165247460
chelsea_janes,165505956
jeddrosche,15320854
derekahunter,56149176
mercedesschlapp,42670638
finnygo,19455864
stranahan,5820642
News_with_Love,172482310
johnfkirby63,822216251510505472
hneidig,2932699952
BudKennedy,15970567
RMConservative,252398355
TheJuanWilliams,228747444
DustinGiebel,910332056
jiatolentino,308779730
masnKolko,21120759
jlifhits,2788143529
JoeConchaTV,245441097
dianermacedo,53419987
Brosner85,18254895
AndrewHClark,60403024
stephaniemlee,15022464
PoppyHarlowCNN,69480815
JaneMayerNYer,561516853
LauraHayesDC,374003821
benflorance,182113487
KingstonAReif,448118178
alexweprin,14591406
CathyYoung63,482388629
DanRather,36711022
timmullaney,49866766
kaylatausche,30043148
max_read,17681505
EricEyre,516699957
arwaCNN,17325090
Trey3Williams,41601337
Shawna,1025521
AlexMLeo,104692306
jessebwatters,56561449
KennedyNation,43277789
cmarinucci,16162149
mkeneally,28196767
ChrisJansing,238259855
kilmeade,43919633
DrJJoyner,891991
rabrowne75,4690043419
danielchaitin7,1651225333
cvpayne,19400611
joshgondelman,70111948
laurenzcollins,136359464
NatashaBertrand,372536101
joepompeo,37820042
hiltzikm,32078497
WardDPatrick,3353220134
BrentGriffiths,342233158
DanaSchwartzzz,331120729
AliceOllstein,55790584
fvaraorta,27498642
QuigleyAidan,2729686346
LarryOConnor,89297892
marygeorgant,23498543
barrysvrluga,44958738
alex_abads,36651066
nkulw,253586885
SnowSox184,1558247904
AllisonMichs,48118953
martyweilwapost,695730757403332609
abrahamjoseph,14329764
kevinkirbs,237454771
JamieStelter,32542903
dmgorenstein,609474243
KatiePhang,1286161147
sophie_tatum,313704157
PrestonCNN,18097821
LeonHWolf,1446408937
WFKARS,590120366
johnupton,17833557
RosenthalHealth,28258330
alissascheller,34993560
CalebHowe,14964429
JustinElliott,40912473
JennaLeeUSA,22517990
EmilyRPeck,394762955
clarissaward,22760252
GeorgetownMet,170780048
SulomeAnderson,419487011
tamaragitt,59917627
stevenmazie,523509739
williamalden,31178767
