27east,24181273
2LaneTweet,16309943
2mun2news,94593143
2theadvocate,328253593
417_magazine,775239046305976320
AAdvertiser,1004589937
aajtak,42606652
ABC,28785486
abcnewspapers,18640592
ABCPolitics,16815644
AberdeenNews,12921612
AbingtonJournal,1355299436
AboutStark,175487635
ABQBizFirst,26061792
ABQJournal,14385076
abqthemag,36968949
accesspress,22299333
actimesnews,1195396854
ActonBeacon,8754862
acuoptimist,65509294
AdairProgress,1923870288
Adairvoice,1694618454
addyindy,52413502
adirondackexprs,122138862
adndotcom,15828025
AdvDem,193329517
AdvertiserTrib,58500450
advisorsource,115440615
advocate360,19413813
ADWNews,714764250
AFP,380648579
afrikatvnet,1725890390
afronews,18018782
Aftenposten,14114267
AhwatukeeFN,18784030
aikenstandard,15583586
AirForceTimes,148845723
aitkinage,563859097
AJABreaking,243368411
ajam,1178700896
ajc,4170491
AJEnglish,4970411
ajplus,110396781
AJWasahi,288659231
AKBusinessMonth,42961791
Akrondotcom,110603157
Akronht,119199449
akronlifemag,50409375
AkronNewsReport,103097161
Alameda_Sun,2168883326
alamogordonews,148640705
AlaskaJournal,341639834
AlaskaMagazine,34752115
Alaska_Star,342865213
AlbanyBizReview,18817538
Albany_Herald,210679476
ALcomBirmingham,9893842
ALcomHuntsville,19082650
ALcomMobile,36406095
AldenAdvertiser,2820539070
alexcityoutlook,19350695
AlexTimesNews,28522270
allafrica,16683014
AllAfricafrench,16683704
AllDailyRepNews,388084044
alliancereview,14334312
AllTripsDotCom,21915685
AlmanacNews,52069825
altontelegraph,15663103
AltoonaMirrorPA,58497343
altribune,19345926
amarilloglobe,16409468
ambazaarmag,1020260742
AmCanEagle,25120994
AmericanIdol,62988756
AmericanJrnl,2427793422
AmericanPress,19084580
amesbury_news,241213814
AmesTribNews,436884418
amnewsonline,19666140
amNewYork,8862532
anchoragepress,17761344
andersonian,95484707
AndoverTownsman,1160879815
annarbornews,26005689
AnnistonStar,14923012
AntigoDJ,2996369957
AP,51241574
ApalachTimes,243378679
APEntertainment,833612154
AppalachianNews,109057359
appealdemocrat,15637134
AP_Politics,426802833
APUClause,75226445
ArabTribune,795254196
arbiteronline,3392401
arenacindy,67417437
ArgonautNews,146137109
argusleader,15436545
argusobserver,17761450
ArizonaTourism,7113852
ArkansasBlog,17131180
ArkansasOnline,25354366
ArkansasWeekly,123577047
ArkBusiness,17288548
arkvalleynews,65466285
ArlConnection,303857589
ArmenianWeekly,25123666
ArmyTimes,148878245
arstechnica,717313
artesianews,33512387
artourism,21664546
artvoice,14334727
artwalk_news,214333242
ArvadaPress,1927960976
asburycollegian,86790946
AsburyParkPress,17498747
asheville,10657272
AshlandDailyPre,632288741
asianjournal,18687472
AsianJournalCom,52126257
AspenDailyNews,228591530
astateherald,69377936
ASURamPage,980965195
Atascadero_News,976966297
AtchisonGlobe,42887480
athensmessenger,56410041
AthReview,3186979656
atitan,36175409
AtlBizChron,23628802
atmoreadvance,43127893
AuburnJournal,18345112
AUG_Chronicle,22220447
AugFreePress,16534226
AuroraAdvocate,87195753
aurorasentinel,29295613
AustinChronicle,14337705
austinherald,19345587
AustinWeeklyChi,37051661
azbiz,17761820
AzCapitolTimes,17490662
azds,36201747
azhighways,15476151
azsilverbelt,961036903
BabsonFreePress,90304839
BadgerHerald,14555303
Bajo_El_Sol,97770061
bakercityherald,43398287
BakerCoPress,32485738
Bakersfieldcali,33055408
baldwincity,19349026
BALedger,93739594
ballardnewstrib,31937109
BallstonJournal,80188923
BaltBizOnline,15794057
BaltCoSun,79266480
baltimoresun,8861752
Baltimore_Times,241622603
BaltPostExam,483602386
BanderaBulletin,555354721
bangordailynews,16952739
banner_news,194437453
bannews,282729947
BarbertonHerald,490456820
BarnPat,2214675816
baronews,4704504988
BarrowCntyNews,27677289
Barrow_Journal,138194061
BartlesvilleEE,76431341
BartonChronicle,3292118419
BaruchTicker,24060652
BastropNews,370182075
Batavia_Daily,322838550
bayareatexas,228882014
BayCityTimes,16926081
baycitytribune,39272223
baydailynews,18865814
BaysideGazette,147645046
baystateparent,22982927
BayWeekly,496078055
BBCAfrica,36670025
bbchealth,621543
BBCNews,612473
BBCPolitics,621533
BBCScienceNews,621573
BBCSport,265902729
BBCTech,621583
BBEagleNews,3126833282
BBGrizzly,419808969
BBnewsroom,36105594
BBRegister,262697431
bc_advertiser,3438906494
bcdemocrat,16203508
bcenquirer,15661507
bcgazette,77578900
bcheights,27737473
bcplaindealer,234458289
BCReview,90500349
bctimes,16203795
BCtimesgazette,55033850
BCTrib,117491592
BDCitizen,291862073
bdemo1,95720152
BDNConnection,545238236
BDTonline,140628376
BeachCarolina,154531535
Beach_Reporter,97725070
BeaconCF,94449191
BeaconNews,14391192
beacononline,35795271
BeaconUpdate,209147197
beaconvillager,8754912
BeaDailySunNews,305075576
beaufortgazette,17296853
beauregardnews,62907247
_beavercreeknc,499016441
BE_Daily,28172454
BedfordBullNH,627593761
BeeNewspapers,346676115
Belgnews,128335122
bellevillenewsd,15670006
BellevueLeader,33897176
BellevueNews,25217965
BelzoniBanner,44293831
bemidji,15427388
Beniciaherald,342590917
bensonnews,73047163
BentCountyDemoc,776323387
BentonCtyNews,3247687974
bergweekly,256684637
BerkeleyCoNews,3122552037
BerkshireEagle,24745038
BerkshireMag,583819900
BerkshireRecrd,2409551936
Berlin_Citizen,580106273
BerlinDailySun,329948076
berthoudrecordr,22489437
BethanyClipper,47440219
BettendorfNews,344719254
betweentampa,1650718975
BeverlyCitizen,140853836
BeverlyPress,637388035
BevRevNews,385994164
bfld_enterprise,14522447
BfloBizFirst,25549003
BFLouisville,18805744
bfp_news,12794062
BftExaminer,55313263
bgdailynews,15524670
bhambizjrnl,21246341
BhamHerald,19612617
BHCBee,2840308857
BHCourier,48422260
bhfp,48747323
BHLPublisher,112490345
BhmEccentric,277010391
bhpioneer,112863282
BIConversation,817973234
bigbendnow,152017960
BigforkEagle,194235340
bigrapidsnews,113110626
bigspringherald,61551188
billingsgazette,21243049
BIreview,194652706
BirminghamTimes,309287835
bistrib,19403006
bizlex,15175636
BizObserverFL,112487649
BizTimesMedia,19917537
bizwestmedia,18648358
BklynEagle,82943769
blacksheartimes,31492829
blackvoicenews,25184991
BladenJournal,1936021843
blanconews,20501682
BlkMtnNews,3053471913
BlueRidgeNow,18556537
BlufftonToday,16890008
BmtEnterprise,14358491
BNewsBrian,1712870203
BocaBeacon,376992537
bocatribune,95929092
Boiseweekly,8292702
BolivarCom,26085979
BoonevilleDemo,562332180
boroherald,22811513
BosBizJournal,16684965
BossierPress,48477881
BostonAngela,268422006
BostonGlobe,95431448
bostonherald,2488541
BostonIrishRptr,41609621
BostonMagazine,14420767
BottomLineTBL,117488834
boulderweekly,15948180
bowdoinorient,79088927
BowieNews,27067098
boyleheightsbt,304855409
bozchron,22707076
bpherald,111430857
bradentonherald,19344401
bradleyhoops,83490391
braintreepaper,394826748
BransonTLN,223935500
BrattReformer,26577021
brbizreport,23475372
BRCmagazine,21455084
brd_dispatch,17910020
BreakingNews_RS,97622779
BreckAmerican,1965108474
BreezeCourier,249243484
brewtonstandard,26827311
BrigantineNews,622081936
BrightonBlade,31908735
brightsidenews1,264164599
BristolObserver,712222846211198976
BritishWeekly,287327308
BrlingtonRecord,103905894
BrooklineTAB,17393831
brooklyndaily,245174381
brownspectator,48835319
BrownsvilleNews,18004786
BruceJournal,52159305
brunswickbeacon,59188604
Brunswick_News,1223040998
BrushNewsTrib,103910758
BryancountyNews,67687282
BryantDaily,185797061
bryantimes,37976051
bsudailynews,12580532
BTelescope,462226175
buchtelite,18768997
BucksCoHerald,378196015
BucyrusTF,86178449
BuffaloGrovePPN,762661016
BuffBulletin,2434317636
Buglenewspapers,28146868
bulariat,18202079
BulgariaSega,19005345
BullardBanner,33073321
bupipedream,23274006
BurbankLeader,25375098
BurkeConnection,303854335
BurlingtonUnion,31120198
busconews,78089653
BusinessCourier,18953819
BusinessMN,15723911
butlercollegian,66724123
ButlerCountyTJ,125684465
ButlerEagle,69311674
BUvoice,69434349
BvilleDailyNews,29519974
bvillemessenger,166595312
Bville_News,469426208
BW,67358777
BwdBulletin,63767771
BwIndependent,1115045234
byuiscroll,41413147
cabotstarherald,104632221
CadillacNews,26736795
CAFarmBureau,75375556
CaldwellCountyN,381261124
CaldwellJournal,1124052601
caledoniaargus,39580590
Cal_Enterprise,1329655081
CalhCoJournal,188481249
CalhounTimes,90976305
CaliforniaAggie,21304166
callerdotcom,17095956
call_post,37007849
calmarcourier,2864361173
Calrecord,44384307
CalTimes,57108546
CalvinChimes,755188010
CamarilloAcorn,552980119
cambridgechron,14278568
CamdenArkNews,2307246518
campusecho,90441165
campustimes,73001785
candgnews,40864512
CantonCitizen,1460595434
CantonJournal,764095214
CantonLedger,882849601
CantonRepdotcom,24878216
canyonnews90210,55184301
CapDemo,64288569
capeann_beacon,241217533
CapeCodLife,28631662
capecodtimes,16381061
CapeGazette,50426819
capemay,18832202
capemaygazette,197052458
capenewsdotnet,43032557
capgaznews,22952419
Cap_Hill_Times,551209208
capitaljournal,17762564
capitalpress,17644000
Capitol_Weekly,188760481
Capitolwire,59589510
CapoDispatch,39341752
CapTimes,15845694
CaptivaSanibel,59150849
capweekly,30896285
caravannews,32914782
CarlisleIndepen,485053538
CarmiTimes,846002108
carrollnews,57436246
carthagepress,19413479
carverreporter,102672979
CaryCitizen,130872315
Cary_News,227468283
cascadebusnews,31499478
casperjournal,1579258074
Cassopolisnews,151567874
CassStarGazette,2377355617
CassvilleDemo,1454418326
CatoosaWalker,117447598
CatskillDM,1048609021
cavalierdaily,24296023
cazrepublican,128258568
CBCmagazine,37954510
CBJnewsroom,23783609
CBSNews,15012486
CBSNewsEnt,146504742
CBStatesman,249380354
CCChronicle,17095421
CCClarion,21696369
CCCNewsroom,106230747
CCDemocrat,404138079
CCDR_news,227386410
CCNewsAdvocate,404370365
C_Courier,605569140
Ccplaindealer,346585900
CCPress,98489502
CCTNews,17809431
CCurrentArgus,187327580
CDispatch,30594847
Cecil_whig,88002682
CedarCoNews,20279304
CedarKeyBeacon,42237444
CedarRepublican,59152250
CElocal,1602044551
CentralRecord,118770011
centredaily,23113205
CentreView,304032876
ceoworld,14941706
cerescourier,19185158
cerritosnews,34072567
CfieldObserver,2834111727
CGDispatch,102760244
CGSentinel,40351798
CGVObserver,501119395
ChadFrey,357715086
ChadronRecord,98741043
ChaffeeCoTimes,373455322
chaffeybreeze,828747327208841216
ChampionNews,774482057598754816
ChanhassenNews,19679080
ChanuteTribune,435343215
ChapelHillNews1,55018922
CharlotteSunFla,507495968
ChasCityPaper,24802436
chaskaherald,14096094
ChathamCourier,200206880
ChathamCourier1,474297689
Chathamnews,274635260
Chattanoogancom,114927225
ChattaPulse,33927246
CheektowagaBee,3191795759
chelmsfordindep,8754902
CherokeeTribune,336144452
CheshireHerald,255577048
ChestertonTrib,1255082786
ChevyChaserMag,324943692
ChicagoMaroon,19472759
ChicagoParent,27093830
Chicago_Reader,16104602
ChicagoReporter,17543416
chicagotribune,7313362
ChicoER,41171271
ChicoNR,353345474
ChiDefender,160596522
ChieftainNews,29466736
ChilliGaz,16116116
chinookobserver,30090092
ChinoValleyNews,557350188
ChipleyBugle,328834734
ChippewaHerald,21311422
CHJgoings,36880297
CHNewsDesk,378349613
ChrisRotar,337441236
ChronCambridge,364444851
chronline,26283568
ChxCourier,177330305
cibolabeacon,17763893
CI_Carmel,461404659
CI_Fishers,461742914
CinciHerald,208650694
CincinnatiMag,32264744
CincyMagazine,393451707
CI_Noblesville,462061005
CirclevilleNews,198518114
CisternYard,78404156
citizenherald,17238367
Citizen_Online,314747252
CitizensVoice,46161885
CitizenTribune,20592139
CitrusChronicle,35016478
CityBeatCincy,18457851
City_Business,34482360
citylimitsorg,3465122062
CityOfLincoln,116888471
citypages,21158274
city_paper,16439779
CITYSunTimes,556215595
cityviewmag,41376744
CityWeekly,19512380
CivilBeat,104389564
CI_Westfield,214337290
CI_Zionsville,462314204
CJ_news,24817859
CJSomerset,2742551030
cknjnews,475129843
clairemonttimes,363222587
clantonadv,19343772
ClarendonTxNews,3016027733
ClarindaCHJ,499946662
ClarionCallNews,52592210
ClarionHerald,342831748
clarionledger,13877002
ClarionPaper,1390119254
clarkcorbin,29769106
cl_atlanta,14194036
claycountynews,33035364
claysunsentinel,565071949
claytoday,30249337
ClaytonTribune,2976826756
cl_charlotte,14849240
ClermontSun,921945348
clevelanddotcom,14267944
ClevelandMag,31567003
ClevelandScene,18245880
ClevelandStater,56531782
ClinchCoNews,140055121
ClintonHerald,44433231
ClintonJournal,3290363160
ClipperHerald,425364987
ClockNewspaper,22951958
ClovisIndypaper,3246275240
CLReporter,480912897
ClrmoreProgress,22546784
CMLIFE,16099818
CNBC,20402945
cnbulletin,93963954
CNET,30261067
CNETNews,819800
CNewsExaminer,609142275
CNHNews,298899447
CNN,759251
CNNent,110458336
CNNMoney,16184358
CNNPolitics,13850422
coalfield,34982802
CoastalCourier,35737246
CoastalJournal,2308902414
coastalpoint,25082438
CoastalViewNews,747888432
CoastlinePilot,48754487
coastnewsgroup,41702929
CoastReport,62851677
CohassetMariner,36765616
CoHoWeekly,297656441
ColfaxRecord,56826069
collegetimes,21443869
CollegiateTimes,45960001
colletonian,221582222
coloradoan,15691595
coloradodaily,14522630
ColoStatesman,209138950
ColProgress,164876970
ColumbiaBiz,16834101
ColumbiaCounty,21274281
ColumbiaSpec,27582945
columbiatribune,14600977
ColumbusAlive,52568067
columbusbiz1st,24209004
columbusmonthly,31482567
ColumbusParent,17487196
ColumbusPost,146512477
CoMissourian,15533253
commercialnews,21784801
CommercialRec,76753997
commreview,245465467
CommunityAdNews,321542010
communitypapers,50003448
Community_Voice,49800751
ConcordianPaper,78156925
concordjournal,8754832
ConMonitorNews,35772433
ConnectBoro,34957548
connecticutmag,23607273
ConnectSavannah,6313192
connpost,16233170
ConwayDailySun,107116645
coolidgenews,167049677
coopercrier,134788787
CoosCountyNews,85850788
copiahcourier,264140864
cornellreview,246071010
cornellsun,14311436
Corriere,395218906
CortlandStand,173948255
corydondemocrat,21317486
coshtribune,34985745
coskiauthority,18666851
CountryGazette,191658586
countyenews,196735058
Courier91711,335617594
courierherald,47427241
courierjournal,7972552
couriernews,18773778
courierpress,8685652
Courier_Tribune,111679404
covnews,84102858
CowetaAmerican,59139892
CPMustangNews,16351704
cpsj,21021385
CPS_NewsUpdates,236136055
craigdailypress,22484884
CrainsChicago,18148466
CrainsCleveland,27715037
crainsdetroit,29209404
CrainsNewYork,18995454
CranburyPress,17353026
CRBJ,17230832
crescentnews,17872554
CrittendenPress,21608463
CRNews_DeKalb,17685047
CrookstonTimes,749348671
crossvillenews,23082808
CrozetGazette,19664134
CrucesSunNews,18023647
CrusaderNewspap,214159640
CSBizJournal,24004213
csgazette,12837932
csindependent,54121550
csjavelin,16739340
csmonitor,14857525
CSTribune,18228308
CTCommunities,3390157479
CTimesSville,105544125
ctnews_mo,1007308267
ctrnews,32407848
CUCreightonian,74252901
CUIntegrator,22550843
CullmanSense,233474545
CulpeperSE,3305035947
culturadoor,66593062
CULVERCITYOB,3165777451
CumberlandTN,351704053
cumberlink,24713010
currypilot,44258200
CVBugle,355720535
cwnewsjournal,137443650
cwprsports,249042889
cwruobserver,21981237
CWUObserver,30068171
cychron,57466640
cyclingutah,38473607
CynDemo,312717485
dagensnyheter,592490041
daily49er,23570223
dailyadvance,44904935
dailyamerican,12135452
DailyAstorian,20574361
DailyAthenaeum,25324521
DailyBee,33584998
dailybreezeME,14471197
dailybruin,16960002
dailycal,23372163
dailycamera,14504258
dailycardinal,15928094
DailyChiefUnion,429040754
Daily_Chronicle,17429521
DailyCollegian,16084829
DailyComet,24214113
dailycommercial,28395172
DailyCorinthian,595711658
DailyCourier,22029314
dailydem,28990883
Daily_Dispatch,75121860
DailyDunklinDem,2325795967
dailyegyptian,27935501
DailyEmerald,15093279
DailyEnterprise,273085427
DailyEvergreen,64920301
DailyFreeman,97030466
dailyfreepress,19554288
DailyGateCity,309202927
DailyHelmsman,26188631
dailyherald,8960722
DailyHome,57720546
DailyInterLake,30267926
DailyIowegian,43950445
dailyitem,27884326
DAILYITTEFAQ,950370805
DailyJeff,17871626
dailyjournalmo,22027252
DailyJournalNet,158366063
dailyleader,17953793
daily_leader,288839573
DailyLobo,14622091
DailyMailUK,111556423
DailyMiner,319302313
dailymtneagle,2515368705
dailynation,25979455
DailyNeb,21812439
DailyNewsSEKY,624744754
dailynexus,34531479
dailyorange,16141413
dailypenn,12902502
Daily_Press,14527393
DailyProgress,17136814
dailyrecord,19609379
Dailyrecord_AR,2546732444
DailyReport,14616304
dailyrepublic,15427690
dailysentinel,19205546
DailySentinelGJ,19594500
dailysentineljc,87527900
DailySouthtown,18703718
dailystarnews,77696645
dailysundial,16191278
dailysunnewswa,3873050712
Daily_Targum,25813998
dailytarheel,16656851
dailytidings,21038155
DailyTimes,16300576
DailyToreador,27728235
DailyTrib,124161387
Daily_Trib,156736806
dailytribnews,199010159
dailytrojan,18652755
dailywildcat,16080839
DallasCoNews,35019946
dallasnews,15679641
Dallas_Observer,16713771
DanaPointTimes,19087287
DandC,17022537
danyoura,7393552
DarienHamletHub,493606441
DarienNews,60927740
DarienTimes,28206743
darsports,59487038
DartmouthReview,132743559
DavisClipper,154634714
dawsonnews,121865456
daytonatimes,454850535
daytondailynews,15627208
DBCurrent,552962943
DBJEvents,151119570
DBJnews,29209295
dbnewsjournal,11054902
DCAdvocateNews,331370862
dcglobe,18720830
DCPGSports,2402039389
DCSpotlight,176855088
DDispatchNews,176481540
ddt_news,580254697
decaturdaily,17455392
DECoastPress,184975309
DedhamTranscrip,59137509
DeerfieldReview,762697322
DeKalbNeighbor,107210395
delawareonline,14307764
DelawareToday,50144015
delcotimes,74168324
delgazette,83613487
delphosherald,272020103
DelrayPineapple,405040895
demingheadlight,194666789
DemopolisTimes,19347884
denbizjournal,23274387
DEN_news,17891794
D_Enterprise,76689268
DentonRC,20178548
denverpost,8216772
DenverVOICE,494380280
DenverWeekly,621150853
DenverWestword,17451031
DerbyInformer,24015963
DeseretNews,15050354
desototimes,67720070
destandaard,21408400
DestinLog,132364309
detroitnews,16543775
DevilsLakeJour1,762162194
dgazette,26996798
dglobe,15429154
DglsEnterprise,339119719
DgoTelegraph,985723544
dhnews,18945939
DiaADiaNewsLax,206209833
DiarioPalmBeach,235694781
DickinsonCoNews,326177441
dickinsonpress,86088922
DicksonHerald,46745246
DiePressecom,23053482
DIEZEIT,1081459807
DigBatonRouge,240299179
DIndependent,66603988
DiscoverAtlanta,15230705
DispatchAlerts,10685542
Dispatch_Argus,50000303
DJgoings,36881133
DJournalnow,33609668
DLNewspapers,508920329
DMagazine,17595745
DMRegister,13657922
dnj_com,17070689
DNRnews,197427353
dntwit,395388847
Doaneline,69140746
Docddd,599439716
Doings_Hinsdale,16659634
DominionPostWV,323265833
DorchesterStar,979110254
dothaneagle,16313096
DotNews,27939908
douglassentinel,33384894
Doverpost,25136092
DoverSherborn,1158286766
dowagiacnews,19924057
DowneyPatriot,26849724
DOWNTOWNEXPRESS,22049155
DowntownNews,28166836
DrewAcorn,17802205
DRNewsHerald,364283064
DRNewsOnline,31900907
DruryMirror,31006356
DuboisCoHerald,58882026
DUClarion,22217634
DukeChronicle,21136788
DuluthBudgeteer,2877099849
duluthnews,15427561
duluthshipping,50162833
DuncanBanner,324212567
DUNews,27887643
DunwoodyCrier,244594745
DurangoHerald,16519670
durhamskywriter,18393987
DUS_Tweets,70148142
duxburyclipper,40309270
dvillechief,41454379
Dzwiazkowy,1377584916
eacourier,17764197
eaglebulletin,163587353
EagleGazette,20607098
eaglegroveeagle,117490160
EagleHerald,117846041
EagleTrib,18480451
eahram,97232128
EastAuroraBee,3187455971
eastauroranews,28867307
EastBayExpress,19315665
eastbayri,8731922
EastBayTimes,1289321
EastCountyMag,42365537
eastcountytimes,134198701
EasternerOnline,94004105
easternprogress,168966131
EasternWakeNews,31283461
EastonCourier,125988185
EastonJournal,1109809777
EastOregonian,20657565
EastPeoriaTimes,18560313
EastTennessean,69101763
EasyReaderNews,87767356
eBARnews,123351802
EchoesSentinel,478807623
EchoNewsJournal,233990278
echopress,15427349
ECLedger,1205716489
ecprogress,26436410
EdenPrairieNews,13783152
EdgeAdvertiser,506456004
EdinaSunCurrent,26040532
editortowncrier,402738559
edmondsbeacon,43404286
edmondsun,27693260
EDNSports,286513965
EffinghamHerald,111680656
egpnews,31072476
EHStar,17947097
EJC_Examiner,136710052
ElburnHerald,35804289
eldiario_net,169196719
EldonAdvertiser,399460871
ElDoradoSun,386595854
elheraldonewstx,71625544
ElizStarNews,175386307
ElkGroveCitizen,222285792
ElkGroveJournal,314032551
ElkhartTruth,20267772
ElkinTribune,438086909
ElkoDaily,47473766
ElkValleyTimes,20592446
EllensburgDR,45609753
EllsAmerican,384509378
ELM_LEAVES,16831293
ElMundoBoston,313045596
el_newstimes,3107934590
ELNUEVOGEORGIA,154167378
elnuevoherald,34641036
elonpendulum,16782091
EloyEnterprise,2934042926
el_pais,7996082
elpasotimes,18206547
elplanetaboston,82103906
ELPUENTENEWS,981106160
ElsberryDem,20593149
elsolnews,631210105
elteco,54634130
ElyTimes,2242838708
emanuelcolive,2821961510
Emissourian,29737277
emorywheel,26306540
empiretribune,63768590
emporiagazette,23545862
enews,2883841
Englewood_Ind,73181867
EnglishChosun,47575230
enidnews,31120467
ENLNews,390352202
Enquirer,14095883
EnquirerJournal,74479578
Enterprise1899,3197817480
enterprisenews,15513778
EnterprisePub,574583999
Enumclaw_CH,221516558
ePasadenaNow,83234555
EPTrailGazette,103075501
ERTribune,36685326
erwinrecord,26661828
escalontimes,19185497
espn,2557521
Estadao,9317502
EsthervilleDly,58546735
esubulletin,48786076
eufaulatribnews,27218902
eugeneweekly,16675413
eurekaTS,124593629
Evanston_Review,755747971
eveningsun,16114093
EveningTimesCC,468893003
EveningTribune,459528590
EverettHerald,14178003
EvilleTimes,552831446
EvRoundTable,2249974361
EVTNow,14269985
EW,16312576
ExaminerCom,730219313064448001
explorebigsky,234030792
exploreclarion,167927220
ExploreGeorgia,19022786
Explorer_News,173978800
ExpressStarNews,1876533962
ExtraNewspaper,19541165
fairbornherald,111373879
Fairfield_HH,424561177
Fairfieldminute,110725202
FairfieldMirror,403757520
Fairfield_MT,252801194
FairfieldSun,67350803
FairplayFlume,52239739
FallonNews,63799920
farmersville,29482764
FarmRanchGuide,64448274
FarmvilleHerald,2163459276
fayobserver,13210422
faznet,18047862
FBAdvocateNews,289561465
fbgstandard,214633692
fbheraldsports,146457290
FboNews,11339192
FbyJournal,554945601
FCHornet,71365246
FCNEJournal,3028774833
FCNP_Nicholas,48787554
FCR_News,540837497
fdlreporter,76453806
FencePostNews,54330083
ffldcitizen,124525847
ffxconnection,271160753
FillCoJournal,412394604
FillmoreGazette,56048497
FinancialTimes,4898091
FindlayCourier,23490604
FiresideGuard,20593576
FishNoreast,155956694
FlatheadBeacon,17546776
flcindependent,246147218
flcourier,265777578
flintjournal,9762482
FLLowdown,31204304
FloAZBlade,3137399497
FlorhamPEagle,488485408
floridamonthly,87267905
Florida_Today,17001533
FloridaWeekly,31017619
floydcotimes,114456845
FL_Sportsman,46135936
FLTimes,160667346
FLTravelLife,1488080706
FluentMagazine,609933921
fluvannareview,122416920
FlyerNews,25764805
FNInsiders,507731256
folioweekly,42888846
FolsomTelegraph,23707740
Forbes,91478624
forestlaketimes,39545164
forsythnews,138450130
FortLeavenworth,46146563
fortmilltimes,24189508
FortMorganTimes,103914711
FortuneMagazine,25053299
FortWorthWeekly,252299612
ForwardTimes,204473453
FostersDailyDem,19334875
Fostoria_RT,1969244588
FowlerTribune,137445528
FoxboroReporter,2349014065
FoxNews,1367531
FOXSports,16877611
FP_Review,236263968
fpstandard,23802446
fptimesjournal,143282576
framinghamtab,1172808066
FRANCE24,1994321
FrankfrtStation,39607855
franklincotimes,42947713
franklinfav,2269418930
FranklinPark_HJ,759937597
FraNoi,74961830
frednewspost,26000876
freekly,169614092
freemancourier,849957800
FreemanJournal,58525782
freep,8795772
Free_Press,20553814
FreestnCoTimes,38489521
FreeTimesSC,34991792
fremontbulletin,295921548
fremontNM,34543098
FremontTribune,136326597
FresnoBee,8249832
FriendswoodNews,54972485
friscoupdates,776753443
FrndEnterprise,23319431
frontdoorsmedia,173880129
FrostIllustrate,523517226
FSPioneer,556051365
FSTribune,525626080
FSUTORCH,46650151
FSView,118512120
FTCrimson,122310259
ftimes,29725380
fultonsun,203616641
fwbusiness,30047641
fwbusinesspress,24942387
fwmirror,55667299
gad_messenger,2928418037
gadsdentimes,15751559
Gaffney_Ledger,2409213534
GainesvilleSun,16297945
GalaxNews,287452769
GalenaGazette,2798773774
Galesburg,17041697
GalionNews,407835614
GallatinNews,390358946
GallowayCurrent,705288751
gallupind,262253921
GallupNews,7684882
galvanews,1027042704
GalvNews,37381846
gantdaily,42952359
gastongazette,26285770
GatewayToSedona,981387054
gazettedemocrat,2598369368
gazettedotcom,14370739
GazetteTribune,602922910
gazettextra,20092721
gbpressgazette,18730191
GBTJournal1,3161363832
GB_Tribune,1055639754
Gburg_Times,23141800
GCanyonNews,1260248012
GCC_ElVaq,277105015
GCFMagazine,24445203
GCHeraldsports,1299570253
gcnewsgazette,37933559
GCRecord,66246061
GCRepublican,577123847
GCSUnade,21969143
GCTelegram,17161751
GdaleSentinel,124512243
GDTKYnews,39091971
GDTnews,210862462
gd_trib,2534014316
Gen_Republic,873890852
georgiamagazine,26867350
GeringCourier,1286838300
GFChronicle,1656091255
gfherald,15427899
GFTribune,36708793
gfucrescent,56561189
GHDailyWorld,89058215
ghtribune,17594045
GilroyDispatch,46774667
glasgowcourier,75400450
Glencoe_News,763795381
GlendaleNP,25375420
GlenviewLantern,241182052
GlenwoodPI,2496996247
globeandmail,8736882
globegazette,121231327
globereporter1,87750224
GoDanRiver,15247163
GoErie,14247195
GoLaurens,51646419
golfchicagocom,243622838
GolosAmeriki,18800449
GonzInquirer,555997210
Good5CentCigar,22099734
GoodTimesSC,89037284
gosanangelo,48371608
goskagit,16407618
GothamGazette,11988052
GoToCTNow,2153135070
GoUpstate,7227042
GoWilkes,97323034
GPNEWSpaper,1433151222
graftonnews,28611646
GrafWV,58792637
grahamleader,20939346
GrantCoPress,1339212409
grantcountynews,237429915
GranvilleSent,619273364
GraphicAdvocate,124546616
grbj,30311580
GreatNeckRecord,2218353349
GreeleyTribune,15770273
greenecoherald,17966185
GreeneSun,67003469
GreenfieldDR,20599886
greenfiretimes,44458565
GreensburgDaily,2165273946
greenvalleynews,21790258
greenvilledn,62819900
GreenvilleNews,16007481
greenwichpost,70430533
GreenwichTime,40941232
gresham_outlook,91043284
GretnaBreeze,937600154
grheraldreview,197134056
GriffinDNews,1225937292
grmagazine,30312328
grovesun,63771187
GRPress,14399160
grtimes,105244702
GrundyCounty,20592545
GrundyReg,77337860
GrunionGazette,176509198
GSAbusiness,295424059
GSentinelTimes,792058728
gsusignal,58389888
gtimes,27058199
gtnews,15853821
GtownRecord,17350589
GtownVoice,19624983
gtrnews,18197612
guardian,87818409
guardianscience,21581503
guardiansport,19391871
guardiantech,7905122
guardonline,16690762
GuilfordGazette,617751091
gulfbreezenews,222132843
gunnisontimes,27018040
GustavianWeekly,30582302
guymondaily,45003438
GvilleAdvocate,19347057
GVLanthorn,25644870
gwcommonwealth,556305526
gwhatchet,18263820
GwinnettCitizen,314877608
GwinnettDaily,31123165
Haaretz,35432497
haaretzcom,24506246
HaddonfieldSun,117513185
hamdenjournal,268783113
HamletHubRidge,66010495
HamlineOracle,87526792
HammGazette,2836839804
hammondlastar,150805597
HampshireReview,47228998
hamptonchron,78674598
HamptonUnion,606459187
hannibalcourier,17375039
HanoverEagle,488518369
HanoverMariner,36967877
HansfordReport,66913926
HappyHeraldNews,191124644
harborlightnews,103052212
HarfordAegis,216008421
HarlanDaily,2533349580
HarrisburgMag,229085708
harrisondaily,103091856
HartfordBiz,78525505
hartfordcourant,14708814
hartselleenq,99814106
HarvardIndy,88107741
hastingsmn,15427925
HastingsTribune,182914728
havasunews,24289998
havenews,142672722
HavreDaily,260856441
HawaiiReporter,23564573
hawaiistar,212350908
HaysDaily,20632380
haysfreepress,28574539
HazardHerald,128883595
HBIndependent,46702525
hburgamerican,14864435
HburgHerald,478769163
hceronline,1321282874
HCHerald,248963045
hcnewstimes,258070707
HCNOnline,36783369
HDaleCollegian,21241606
headlightherald,29498629
HeadlinerNews,38261393
HealthJournals,69956281
heartnewengland,83646104
hebersuntimes,65457088
heightsobserver,245638510
HelenaDaily,316691756
helenaironline,12568062
Herald_Advocate,353277920
HeraldandNews,36498374
heraldandreview,8880952
HeraldArgus,1311211933
heraldbanner,47201290
heraldbulletin,18562065
HeraldChronicle,20592368
heraldcourier,16562479
heralddemocrat,17147393
heralddispatch,14838763
heraldextra,16910966
HeraldIndex,281576906
heraldleader,11612722
HeraldMailNews,30239668
heraldnc,1367789960
HeraldNews,22527376
HeraldNews1,1491304855
HeraldPalladium,34591573
heraldprogress,20595712
heraldpub,180950380
HeraldStar,58540567
HeraldTimes,38601490
HeraldTribune,6942422
HeraldWeekly,418791562
HermistonHerald,29832457
HerndonConnect,303919703
HesperiaStar,20172139
HH_Courier,73181443
hhjnews,611734890
hh_wilton,285047326
HibbDailyTrib,233698422
Hickoryrecord,37714326
highcountrynews,16017472
highlandcurrent,169922143
Highlander_News,158495049
HighlandNews1,1490865258
HighlandParkPPN,760750244
HighPlainsJrnl,106776691
HighTimberTimes,325781532
HillCountryNws,199460614
HillsBeacon,22811921
HillsdaleDaily,370965173
hilltopmhc,193359615
HinghamJournal,36768094
HITribuneHerald,297686425
HJNews,21226437
HL_News,315895033
hmbreview,20562595
HNNow,19777553
HolaARKANSAS,72151088
holbrooksun,394835326
HollandSentinel,14531956
hollisternews,48625268
HoltonRecorder,394294850
HomerHorizon,19454716
Hometownfocus,115671438
hometownjournal,42935684
HoodCountyNews,24189296
HoodRiverNews,45264807
hooksettbanner,94610714
HopewellNews,121197954
HopewellValley,22818567
HopkintonCrier,132235576
HOUBizJournal,23696276
HouCoNews,2767556450
HoumaToday,16638552
HoustonChron,8940342
houstonherald,21540194
HoustonPress,16621190
HoweEnterprise,2399106745
hoylosangeles,67457780
HParkLandmark,2327677639
HPEnterprise,59576823
hpocom,26074743
H_R_Messenger,154160994
hsuniontown,78667209
htrnews,22736351
HUChronicle,101341950
HudsonianHVCC,309239718
hudson_reporter,38256654
hudsonwi,15427985
HuffPost,14511951
HuffPostPol,15458694
HuffPostRelig,117189136
HungryHorseNews,65727099
HunterdonReview,426311507
HuntFishTX,40085795
HuntNewsNU,58987862
HuntsvilleItem,63610971
Hurriyet,65642163
hutchleader,115492293
HutchNews,17074295
HuttoNews,34990906
HWChronicle,19303275
HydeParkHerald,138565725
IBDeditorials,18513241
IBJnews,24710700
IBMagazine,48427906
IBRnews,16043218
ICTBizJournal,19519945
IdaCoCourier,3329216232
idahofallsmag,637184541
IdahoMag,1247001152
IdahoMtExpress,84655479
IdahoPressTrib,18087829
IdahoStateJ,65682011
IdahoStatesman,8980312
iDealGolfer,183367628
idsnews,21922584
ifallsjournal,64299454
IIB,16472929
ijeditor,51866073
ILCountryLiving,2952280554
ilovefc,48788280
ILTimes,60678378
IMDailyNews,33592330
impacto_usa,2563644096
Indedotcom,1728939649
Independent,16973333
independentmail,14872404
India_Bulletin,400456060
IndianaGazette,40919594
IndianExpress,38647512
IndianolaTrib,281298945
IndyRecorder,127907578
indystar,16550142
indytribune,19187765
indyweek,16667591
InformationWeek,12615582
inforum,14602924
IngramsMagazine,580037830
InkyM,105187378
inquirerdotnet,15448383
InsideBusiness,16725341
Inside_Columbia,21437452
InsideNoVA,17815585
insightnews,28644072
inspiredkidmag,1289499836
IntelligencerWV,58495096
InterMountainWV,58504073
InTheKnowbyAOL,20177097
InTheSentry,52798845
InyoRegister,1472882329
iolaregister,20632682
IoniaSentStand,61292135
IonMesquite,584247111
iowafarmertoday,28639935
iowastatedaily,15832179
ipswich_chron,241223988
IrishEcho,32478637
IrishNewsChgo,551454219
IrishTimes,15084853
IrontonTribune,19349613
isanticonews,39589561
IslandGazette,264383053
islandpacket,12804832
island_paper,3995172382
issaquahpress,59896901
isthmus,17137987
ISUBengal,565213710
ISUstatesman,243805570
italyneotribune,111341927
itemlive,18672012
IthacanOnline,25165569
ivanfoley,45653560
ivdailybulletin,36739057
IVPNews,110848131
iwantaBUZZ,169154152
jackcentral,389014615
jacksboro_news,314066265
JacksonAdvocate,175082708
JacksonCitPat,16926310
JacksonHoleNews,24769236
JagranNews,64639742
JamaicaGleaner,40954616
jamestownsun,15428069
JaxBizJournal,21874587
JaxDailyRecord,32533893
jaxdotcom,15572679
JaxPatriot,479002002
jcbanner,25350267
JCFloridanNews,27218535
JCJNews,216794222
jconline,11775782
JCPilot,28205339
JCPress,29218765
jcrecord,20503616
JCTIMES,73538655
JDNews,15764921
jdprogress,135957086
jerseyjournal,27989791
JewishJournal,23102350
JGfortwayne,69397283
JGTCOnline,123673439
JHUNewsLetter,77615964
JlsburgAdvocate,103921629
Jobs4Lawyers,393557217
Joliet_HN,102446961
jonkawamoto,45199165
JoplinGlobe,24610862
JoplinRBJ,2332132615
journalcourier,22339298
JournalEureka,601334117
JournalGV,102703446
JournalInquirer,82144335
journalnews,15688704
JournalNewsIL,1112736205
JournalNewsroom,20165998
JournalNow,23483116
journalonline,80333171
journalopinion,94639905
journalpatriot,2792435567
JournalRecord,20700623
JournalReview,21602955
journalsentinel,16544024
journalstandard,22954663
JournalStarNews,23987282
Journaltimes,20078382
JournalTribune,368995325
JSUNews,16211809
JSunNews,267262609
JTACnews,285349143
jtimesjournal,59237559
JulianNews,23222382
JuneauEmpire,24755505
JxnFreePress,17052001
KaLeoOHawaii,132279035
KanabecTimes,2496468475
KanawhaReporter,1247228114
kansasdotcom,12807482
Kathimerini_gr,186060772
KCBizJournal,25505788
kcchronicle,20458841
KCKansan,20520192
KCRNewspapers,2450071958
KCStar,14955722
kdhnews,31124797
kdkmirror,4766136326
KDNSports,240872550
KeAlakaiNews,26403494
KeanTower,188092582
kearneycourier,37952291
KearneyHub,54951024
Keizertimes,22222604
KemperMessenger,1345376881
kenmarenews,198496357
KennebunkPost,569205703
Kenosha_News,19774465
KentonTimes,105855482
KentuckyMonthly,229175214
KentuckyNewEra,122575134
kentwired,19040246
keotaeagle,84412649
kerrville,19715741
KeyPenNews,91421011
KeyWestCitizen,43178691
kilgorenews,31221706
kingfishertimes,69364832
KingsburgRecdr,139825426
kingstonreport,101280492
kingston_times,100859367
KingstreeNews,191461850
kinstonfp,74796290
KitsapSun,16954081
KJ_Online,15345320
KnoxDailySun,166207963
knoxnews,1018921
KnoxVillageSoup,1012121071
KokomoHerald,556235686
KokomoNews,61197546
KokomoTribune,83858948
kompascom,23343960
koreatimes,39565067
kpcnews,25127854
kstatecollegian,16870352
ksusentinel,20803734
ktownbanner,26179262
kunamelbanews,29625151
KVDailyExpress,356374174
kvsun,1120177008
KyKernel,41463945
Kzoo_Gazette,13482642
LABJcommunity,732902312340000768
LaCrosseTribune,20796192
ladailynews,5513142
LadysmithNews,82702547
lafollettepress,4736734115
LagniappeMobile,44515708
lagrandenews,43431533
LagrangeNews,169699740
lagunabeachindy,56721145
lajollalight,60694159
LaJuntaTD,603059797
LakeCoNews,20944400
lakecountrysun,29002781
lakecountystar,117532371
Lake_Forester,762677719
LakeGazette,448912434
LakeNewsOnline,69433229
LakeOrionReview,335444957
LakePlacidNews,58806088
lakepowellchron,595658763
laketravisview,124506252
Lakota_Timez,320961515
LALifeMag,473352350
LALoyolan,179815792
LamarDemocrat,3303239733
LamarLedger,103056533
LamarTimes,41663511
LaMesaCourier,2696658584
LamorindaWeekly,82526723
LANACION,33989170
LancasterOnline,1011901
LansReporter,20522831
LaOpinionLA,41416662
LaPrensadeCO,1375434439
LaPrensaLibreAR,334982677
LaPrensa_News,1135338408
LaPrensaSD,614854580
larazachicago,41417783
LasVegasSun,12055942
lasvegasweekly,9234352
latc,25118278
latimes,16664681
latimesent,10222202
Latinopress,69058175
laughspincom,14953733
laurelleader,167064891
LaurelMtnPost,53114544
LaVozDeAnza,72676383
lavozhispanact,215029399
lavozofertas,224807697
LAWattsTimes,2351294292
LAWeekly,17718497
LawrenceCoPress,363886049
LawtonConst,99147636
LBCCVikingNews,47383110
LBCommuter,54639906
LCBulletin,260329484
lccentral,409590102
lcdonline,16532722
LCHerald,1374734084
LCLnews,65669674
lcnme,3900534569
LDLeader,60624220
LDNews,115116795
LDRnews,295863836
leader_news,15263608
leaderregister,615269404
LeaderTelegram,22034448
LeaderTimes,342954875
LeadvilleHerald,370914933
LeafChronicle,16875261
LebanonExpress,50767888
lebanonreporter,66487356
LeDevoir,16442020
LedgerEnquirer,14882842
ledgernews,27217872
LedgerNewsroom,104305554
LedgerTrans,415765397
Le_Figaro,8350912
LehighAcresCit,59147935
LehighAcresGaze,340504310
lehighvalley,17063785
lemondefr,24744541
lenaweenews,67687575
LennoxSDnews,41042838
LEnterprise,297606988
LeominsterChamp,1240033548
lesoir,17169453
letemps,2711336076
LewAubMagazine,1060852626
LewisboroLedger,69657741
LewistonTribune,18012631
LewisvilleTexan,447716263
lexdispatch,147693223
LGOnline,20977427
LHUEagleEye,116275809
LIAdvance,2317613323
libe,68440549
libertytribune,37950362
LibertyvillePPN,762764516
LIBN,16030899
LikeTheDew,22541401
lillienews,50053152
limanews,17502336
LimonLeader,2873857441
LincolnCounty,20593255
Lincoln_Courier,770099005
LincolnHerald20,629084096
LincolnNM,56833229
LincolnTimes,1278899330
LincolnwoodNews,760644182
linfieldreview,103743790
LinnCoLeader,1069096818
lionsroarnews,357644269
Litchfieldnews,48486479
LittletonIndie,1230956564
LivelyTimesMT,68760150
LivingstonDaily,26529088
LivingstonLedgr,3244956253
LJvillagenews,156383222
LJWorld,6894852
LktPostRegister,114494322
llanonews,20503110
LLSplash,318868552
lmdsentinel,17023645
lmgeditor,310462091
lmtnews,15099229
LocalKicks,40119039
LockportJournal,44200674
LockportLegend,263222022
lodinews,15984596
logandaily,77053795
lohud,18198403
LompocRecord,152060321
LondonderryTime,106553921
LongBeachPost,20496846
longislandernws,2559460764
LongIslandPress,21551945
longwoodrotunda,163869897
LonokeDemocrat,479761414
Loqwitter,50160963
louisburgherald,37956738
LouisianaTravel,15537227
louisvillecom,11263532
Lovell_News,27520861
LowCountryToday,42022705
LowellSunNews,79186359
lowndes_signal,168725662
loyolagreyhound,166176306
Loyola_Maroon,9746042
LP_LaPresse,10681662
LPNews1898,356242849
LRFamily,22524086
LSJNews,14887893
LS_Journal,1934599051
lslonline,67429281
LSTribune,24066714
lsunnews,271585088
lsureveille,15248649
LTMnews,52461655
lubbockonline,6573302
LUChampionNews,108343857
LudingtonDN,1632926671
lufkindailynews,18032007
LULegacy,1267327508
luminanews,355525874
Luverne_Journal,2907044625
lvcampustimes,73235834
LVInformer,185922266
LVTimesNews,378185142
LyndenTribune,128936003
LyonsRecorder,124502667
LZ_Courier,760785061
MaceandCrown,18997745
machiasnews,2899666541
MacombChronicle,581205711
macombdaily,116544702
MaconCountyNews,1372390200
MaconTimes,2530719373
macsentinel,40899095
MadisonCourier,17998717
MadisonEagleNJ,485052236
MadisonianNews,372900641
MadisonParkNews,3130519320
MadisonParkTime,1596579416
MadisonRecord,91086406
madriverunion,3285019597
MadTrib,2293569877
MagazineofMaine,88676174
MageeCourier,980944046
MagnaTimes,2612653224
Mahomet_Daily,2593142654
mailtribune,7591102
Mainebiz,15866174
maineboats,24068888
MaineGuides,57712688
maineinsights,52167290
MakeElginYours,556059315
MaldenNews,831526114954723328
MaldenObserver,19400588
MalibuNews,11707792
MaloneTelegram,581226573
MamTimes,182527131
ManchesterTimes,20592292
ManhassetPress,2203359480
manisteenews,113108565
manitoumess,78993780
ManJourn,210853986
Mankatonews,22147610
MansfieldNews1,1101717944
MansfieldNJ,28489820
mantecabulletin,17200433
marconews,15163708
margatenews,97717795
MaricopaMonitor,22528819
MariettaTimes,58529506
Marinetimes,185340210
marinij,14239496
MarinscopeNews,186603420
Marion_CT,77934202
marionrecord,247625315
MarketWatch,624413
MarlEnterprise,458111726
MarlinDemocrat,555951991
MaroonNews,79281135
MarshallMoNews,348562707
marshalltowntr,76508902
marshfieldpaper,36967948
MartinezGazette,130570423
marykimm,99430767
MarysvilleTweet,36775022
mashable,972651
MasonBroadside,351329310
masonnews,20502811
MasonValleyNews,1238181170
matsu_news,198348697
mattosnews,265021324
MaumelleMonitor,466068083
MBJMemphis,19408436
mbjournal,73396936
mbjpublications,242351948
Mboro_Post,473270040
McAlesterNews,989912449
mcall,15431914
mccookgazette2,31435635
McDonoughVoice,828294864
mcdowellnews,35771864
MCEagleNews,1344672535
mchnews,1433610966
mcjournal,28837048
McKReflections,1344386184
McLeanConnect,303925015
mcnewspress,82274262
mcrecordonline,19714997
mcweekly,19172412
MDDailyRecord,16312540
mdjonline,85329284
MDN,26656498
MDNreporter,3127324504
MDTnews,1876580928
MDWFPonline,340361741
Meadville_Trib,1216644037
MedfieldPress,91202469
medford_trans,241227728
MedinaGazette,43405364
MelroseFreePrss,18807864
memdemnewspaper,40292931
memphisdaily,29773854
MemphisFlyer,9971552
memphisnews,12039612
MendocinoBeacon,293792211
MercedSunStar,12334212
mercnews,10433782
MERCnewsroom,45692831
mercurioec,35058064
MercuryX,15063278
meridianstar,22545364
MesabiDailyNews,633217791
MesquiteLocal,24213168
Messenger90290,357105223
MessengerMonty,3431840823
Messenger_News,89558668
MessengerOnline,50729900
messengerpost,18234041
MethowNews,201462908
metrochinese,604601964
metronewspaper,18387935
metronewyork,27863115
MetroplisPlanet,84108007
metrotimes,15432119
metroweekly,7782542
MfieldMail,353756227
MG_Champion,619668289
MGMAdvertiser,20477029
mhccadvocate,392946797
MheadReporter,21329520
MHGazette,56391916
Miamicom,20457696
MiamiHerald,14085040
MiamiHurricane,12956712
miaminewsrecord,63770032
MiamiNewTimes,16861311
miamistudent,59481479
MiamiTodayNews,57656488
MiBiz,38681688
michigandaily,11735652
MichiganJournal,103134591
michiganmagazin,28424453
micorepublic,37955674
micromediapubs,2471806068
MidcoastNews,296824622
MidcountyMemo,26958631
middcampus,36192396
Middletownpress,48388653
MidHudsonNews,930441270
MidIowaEnterpri,1109441546
MidRiversNews,868727474
MidValley_News,1694502194
Midwaydriller,1321258892
MidWeekHawaii,22874714
mihomepaper,342450067
MilfordBeaconDE,197543708
milforddaily,22059338
milfordliving,16257027
Milfordmirror,67364568
millburysutton,138077736
millelacstimes,39754879
milpitaspost,106152317
MiltonTimes,1671409176
milwaukeemag,40043352
Minaret,262412005
MineolaAmerican,336002906
MiningJournal,16011049
Miniondas,111678731
MIOutofDoors,92312368
MiraMesaNews,743506776474025984
MIReporter,38295334
MissionVllyNews,2696731345
MississippiLink,492534506
Missoula_Indy,21316568
missoulian,16249481
MissouriLife,21348287
MJ_Chronicle,50733937
MJgoings,36882692
MKEBizJournal,20521204
mlacsmessenger,70672152
MLive,12952842
MLMediaNews,108673798
mndailynews,17058614
mnherald,28623166
MNSpokesman,1002361219
MoabTimes,432933895
MoberlyMINews,1009728108
MobridgeTribune,180412944
MoCoSentinel,44393729
modbee,8249162
MokenaMessenger,39778257
MonettTimes,974151680
monitornews,16258543
monroe360,23785422
MonroeCourier,67356193
MonroeMonitor,61293243
monroenews,18951045
MonroeTimes,454226041
MontanaKaimin,183406000
MontereyHerald,13134892
MontevideoNews,747352502
MontgomeryMedia,43633875
MontHeraldNews,461331832
MontiExp,219380258
montrosepress,24292383
MoorefieldEx,78384267
mooresvilletrib,31208436
MoorparkAcorn,200211973
MorganCitizen,467728572
morganhilltimes,48624862
MorgantonNews,35771004
MorningJournal,20732804
Morning_Journal,58791847
Morning_Times,377018070
MorrisHerald,351726959
MorrisNewsBee,476173499
morrissuntrib,15428256
MortonTimesNews,50749114
MoultonAdv,135638918
moundcity_news,2333871108
Mountain_Times,169489519
mountairynews,764169732
mountvernonnews,18639958
MP_Courier,369543400
mpdailynews,52083750
MPDailyTribune,256604719
MPMorningSun,67600528
mpnewspaper,321602758
MPNewstweets,236909902
mshuntnfish,161338932
MSNBC,2836421
MSNBC_Politics,380075338
MSPBJnews,19075308
MSUReporter,118814073
mtdemocratnews,223772388
MtechoWalt,632174792
MtJulietNews,567583953
mtnadvocateky,309829287
MtnMsgr,2269115840
MtOliveChron,501087785
mtsbrk,102457779
mtshastanews,40943042
MTSUSidelines,18005124
MTULode,22182982
MTV,2367911
MtVernonGazette,303855296
mukilteobeacon,198252388
muncievoice,391663407
MundeleinReview,760764523
MundoHispanico,29778623
mundohispanotn,97637721
MUParthenon,106625234
MurrayLedger,48797197
MurrayStateNews,169639228
mushingmagazine,4360794500
MuskegonChron,16926232
MuskogeePhoenix,21348416
mutribune,19604157
MVilleBulletin,3386149024
MVRN,36528086
MVTelegraph,292510775
mvvoice,116567967
mwindex,41430880
MWMessenger,249808520
mwtnews,35862157
mxnews,15515188
MyABJ,24037404
myadvancenews,366070674
MyCentralJersey,16164289
mycitizensnews,73388665
MyCitypaperNYC,754353663083155456
MyClevelandNews,54941553
MyDelmarvaNow,519682873
MyDesert,62872266
MyEagleNews,29840205
My_JPA,1728918818
mynorth,34720438
mynwobserver,2392204371
MyPlainview,17190812
mySA,9830752
mysoutex,54930042
myssnews,27978630
MySuburbanLife,58490366
MyWebTimes,72646689
NadigNewspapers,2348821724
NAndoverCitizen,89271025
NapaRegister,20558644
NapervilleSun,17974880
NashobaValVoice,3428422540
NashuaTelegraph,4745201
nashvillebiz,18948923
NashvilleScene,20008214
nassau_weekly,321127180
natchezdemocrat,18462118
navajotimes,64484397
navarrepress,22716962
NavbharatTimes,123171317
NavExaminer,43231142
NavyTimes,27114180
nbaybohemian,18691248
NBBJ,57264785
NBCFirstRead,52419540
NBCNightlyNews,8839632
NBCPolitics,11856032
NBSunJournal,75010991
NCAdvertiser,55604811
NCAppeal,546152004
NCCitizen,30017628
NCDmag,297462874
ncj_of_humboldt,22399210
NCSUTechnician,17049486
ndn,10424112
NDSUSpectrum,21608414
ndtv,37034483
NeedhamTimes,17367189
NEheadlines,175388437
NeighborNews,107207541
NelighNews,589365266
neoshodailynews,29483304
NeshobaDemocrat,30109259
nevadaappeal,11058482
NevadaDailyMail,1931436277
NevadaJournal,266237404
Nevada_Magazine,66512350
NewarkAdvocate,21004741
newberggraphic,2396478536
NewBraunfelsHZ,235331818
NewBritHerald,109985001
newburyport_cur,241228661
newburyportnews,8861452
NewCanaanNews,27934849
NewCastleNews,42950890
newhavenindy,50183754
newkirkherald,248368867
NewPghCourier,28568173
newpraguetimes,3261818053
NewRichmondNews,19735075
News4Levy,41825409
News4Nevada,3040402092
newsadvance,16255892
newsandcitizen,124558409
NewsandRecord,11853712
NewsandSentinel,58498428
newsandtribune,20624714
newsargus,61228023
NewsAtTheIJ,558813185
newsbanner,22018889
News_Blade,52867745
NewsChiefWeb,29468502
newscourier,28156328
Newsday,8861182
news_gazette,16826147
newsgazettewc,257017947
NewsGraphic,105496586
newsharonsun,125422305
newsheraldinoh,21319429
NewsHeraldMI,112819859
NewsHeraldSport,515674346
NewsJasper,858253806
newsjournal,15850444
News_Lawndale,1183661370
NewsLeaderNOW,19366646
News_Messenger,836120630
newsminer,16555200
newsnorthfield,78945826
newsobserver,8942262
NewsofOrange,115478978
NewsOK,7406262
NewsOlney,858283411
newspressnow,28594128
NewsProgress,609379481
NewsRecord_UC,75382418
newsregister,32569346
NewsregisterANR,426299281
News_Republic,222591341
newsrepublican,80951230
newssentinel,18999197
newssun,16888532
NewsTelegraph,301547241
NewsTimes,15838036
newstimesonline,126038319
newstopic,269966108
newstoU,185352459
NewsTrib,33902769
NewsTribune,29539256
NewsVirginian,31024318
NewsWatchman,58577939
Newsweek,2884771
Newswriter95,354692625
NewTimesBroward,19216918
NewTimesSLO,24214013
Newton_Citizen,471990351
NewtonCoTimes,337748993
NewtonDNews,719046103
Newtown_HH,398150810
NewUniversity,14930503
NewYorker,14677919
NewzTip,126068585
NHBR,16144644
nhk_news,204245399
nhmagazine,12803972
NHOnews,1098730902
nhregister,34956062
NHTribune,2752696471
NiagaraGazette,102556875
nichibei,64781137
NichollsWorth,105527919
NilesHSnews,619616131
NilesJournal,1315851828
nilesstar,19922189
niner_times,896538924
nisqvalleynews,125405301
NIUNorthernStar,16670675
NJBIZ,20524105
njdotcom,14179819
NJHerald,102751218
NJMonthly,15062527
NJTODAY,62964501
NKHerald,26299437
NLleadernews,733708079728975872
nlrtimes,55352444
NMMagazine,24769862
NMSUroundup,65654009
NodawayNews,63780009
nogalesnews,18090164
NOLAnews,14192680
nonpareilonline,48716479
Noozhawk,40432723
NormanNews,27946710
NorridgeHH_News,760664437
NorthBayNews,16458383
northbendeagle,65742008
Northbrook_Star,755783828
NorthbrookTower,512242904
northcountrynow,20522509
northernermedia,23306489
NorthernIowan,770468660
northfortynews,285872649
northfulton,4919841
NorthJeffNews,22953160
northjersey,34677788
NorthOaksNews,22049403
northvalley,24443344
NorthWoodlands,156741150
NortonMirror,20459018
NorwalkHH,2285868259
NorwichBulletin,19403608
NorwoodTranscri,59167322
NowyDziennik,183861840
NPlainTalk,1424313913
nprpolitics,5741722
NPTelegraph,146558810
nrc,3103641
NReflector,19923351
nrtoday,14078728
nsjnews,2841160223
NST_Online,55186601
ntdaily,16018278
Nuggetnewspaper,179709591
NutfieldNews,111080388
NUVO_net,18315720
nvdaily,15099017
nwademgaz,30012029
nwasianweekly,18062553
NWestIowaREVIEW,4855040201
nwfdailynews,8795782
nwherald,20787622
nwi,5508672
nwkpost,33086126
nwnazarene,45021105
NWoodsRiverNews,1284062263
nwseditor,27543107
ny_artsmgazine,594909750
NYDailyNews,9763482
NYMag,45564482
nypost,17469289
NYTHealth,1769551
nytimes,807095
nytscience_,268392524
nyunews,15731856
nzherald,14765253
NZZ,14273050
oakdaleleader,19185368
OaklandPostNews,253692401
OakLeavesNews,14327874
OakPark,121820535
oanow,16744446
oberlinreview,53584356
OBJUpdate,20629957
observer,15738599
ObserverGroup,111123725
ObserverTribune,485064100
OcalaStarBanner,36948979
OCBizJournal,198566842
OceanaHJ,18085094
ocgazette,240816365
ocnews38570,204306575
OColly,23025311
ocplaindealer,466170799
ocregister,17820493
ocstandard,131349500
OCtimes,231918342
OCWeekly,19082263
OdessaAmerican,16726367
OffBeatMagazine,19364233
OgdenReporter,1247317488
oheraldnews,36162570
ohiodotcom,18169582
OhioFindItHere,26730532
Ojornal1,488705256
OklahomaCitycom,21677265
OklahomaToday,20539306
OkobojiOnline,1525051118
OldColony,20914075
OmakChronicle,41396811
OneidaDispatch,110804913
onlineathens,14935240
OnlineDanas,51781039
OnlineSentinel,15346572
OnTheMoneyCBC,115505144
onwnews,15385717
OPPrairie,38252658
Orangeleader13,277003928
ORbike,59540932
OregonBusiness,16551172
oregoncitylink,125839201
Oregonian,2992751
OregonNews,23919582
OregonObserver1,979174303
OrionGazette,349627218
orlandosentinel,1429761
OrlandoWeekly,17446277
oronline,26270132
OrovilleMR,102200948
OsageCounty,48449654
osawatomienews,37957792
OsceolaNews,34297914
OskyHerald,376859258
OspreyObserver,19675112
OswegoCoToday,29442775
OTDowntown,356941254
OTHNews,156632093
OttumwaCourier,19031717
OuachitaCitizen,995338166
OUDaily,16289168
OVN,33340027
owassoreporter,22194306
OwatonnaNews,185640594
OwensboroMI,20165195
OWHnews,15163577
OxfordEagle,23258634
OzStockman,108520811
pacbiztimes,60757383
pacificbiznews,23663732
Pacific_Sun,28594289
PaducahSunNews,23076143
palestineherald,34093588
PalisadianPost,614584781
paloaltoweekly,18966724
PalSpectator,517817437
panews,16351278
Pantagraph,18874087
PaperOfWabash,582097169
PapillionTimes,111040198
ParadeMagazine,18682378
Paradeweekly,380971577
ParadisePost,38023553
ParisPI,21031034
Parkrecord,34956567
ParkRidge_HA,301218492
parsippanyfocus,240497813
ParsonsSun,494367490
PasadenaCitizen,59154931
pasadenajournal,2616203114
pasindependent,72981376
PasoDailyNews,908645388
PasoPress,2424223741
PasStarNews,19415444
PataskalaStand,619278290
PatriotLedger,15005770
PattIrrigator,26349151
pauldingpaper,211539279
PaysonRoundup,66830461
pbcommercial,71590396
PBJonline,52447679
PB_News,15224302
pbpost,15736836
pcccourier,59585516
pcgazebo,70749114
PCGazette,2535779797
pclarion,27984903
PCMag,15066271
pcnewsherald,34543494
pcpeople,62546305
pcworld,6070762
PDailyPress,147711302
pdclarion,106431967
PDRnews,547131156
PDTNews,58851068
PDXBIZJournal,17135038
pdxobserver,49713826
PE1909,193991291
PearlandNews,59155900
PEcom_news,15937533
PekinDailyTimes,155695119
Pelham_WindhamN,315904672
PellaChronicle,370709139
PembrokeNews,18453902
PenDailyNews,22079341
pengateway,55673506
PennLive,14304170
PennYanNYnews,20687458
peoplemag,3064617094
peoplesdefender,140208481
PeppGraphic,48191052
PeruTribune,1435745762
PetalumaArgus,18491147
peterdaynews,253278832
petoskeynews,14461836
PghBizTimes,24247996
PGHCityPaper,17371435
pharostribune,103294432
PhillyDailyNews,14689197
PhillyInquirer,14495726
phillymag,16563214
PhillyWeekly,15896072
PHLBizJournal,25560065
phoenixnewtimes,44439772
phollowpeople,115173752
phxbizjournal,23835272
phxjnews,34776735
picayunenews,118199829
PickensCoHerald,3236479136
pickensprogress,47195109
piercecounty,15428666
PikePressNews,216796136
pilotnews,741843323019657216
pilot_walker,633304248
PineCityPioneer,249845334
pinejournal,15427417
pi_news,14934038
PioneerPress,15926431
PioneerTribune,20115787
pipestonestar,126387964
PittsburghPG,21780652
pjstar,17800696
PlainfieldNews,974261479
plaintalk2,546997606
PLAmerican,19819747
planonewspaper,824014742
PleasantonNews,46704239
PleiadOnline,795475022714404864
plumasnews,75306293
PLUMast,112781504
pnj,14834379
pnwlocalnews,15937164
pocahontastimes,541009321
PoconoRecord,7511312
poinews,39608477
PointReyesLight,472472477
PokJournal,17630125
politico,9300262
PolitikaJavlja,348332871
Politonline,62252550
PolkIONews,1287220969
Pomeradonews,183422908
PONews,21300851
PortASouthJetty,65429553
portlandmercury,5752542
portlavacawave,43051091
postandcourier,14693499
PostCrescent,16796483
postpaper,22828180
postreview,39521840
postsearchlight,18137042
postsignal,821904282
poststar,20538284
PostTrib,18635613
PotomacAlmanac,303851879
PowderSprgsNews,217469130
PowellTribune,99146492
pp_independent,1038159361
PrattTribune,44458614
PravdaRu,34209920
PrensaHispanaAZ,1470767988
pressanddakotan,41418745
pressandguide,115517580
presscitizen,21877818
pressconnects,13436572
PressEnterPA,284744896
PressHerald,8859092
PressLeader,2541744122
pressnewspapers,266586168
pressrepublican,26054340
presstelegram,163633469
PriceCountyDail,594934011
princetonherald,57678023
princetonian,23013488
PrincetonPacket,22820146
ProgressIndex,54941379
progressnews,56550575
progressreview,45711888
ProgressTimes,24940286
projo,14354091
ProvBusNews,21665565
prowersjournal,215990827
PSBJ,23785621
PSDispatch,1585840140
PSJ_Star,242910659
PSU_Collegio,378167619
psuvanguard,18322507
ptleader,20604874
ptownbanner,635515468
publico_es,17676713
PublicOpinionSD,73181180
PurcellRegister,44991444
purdueexponent,29137937
PutnamCourier,141197238
PutnamSentinel,264388014
PuyallupNews,50756631
PVDMonthly,273602537
pvillecitizen,516801690
PvillePflag,368424475
PvillePress,896539556
PVPeninsulaNews,362119079
pvtimes,216871585
PVTrib,556388515
pvvt,289511993
PWMonthly,1160968735
qamagnews,48864323
qctimes,10613072
QSaltLake,19958805
QuadPress,97801777
QueensChronicle,63363893
QueensGazette,318550411
QueensTrib,818040343
QuePasaMedia,168790068
RafuShimpo,48823671
RainsCounty,67396553
ralstonrecorder,1911448584
RamapoNews,245927681
RamonaSentinel,338669725
Randolph_Herald,603039705
randolphleader,849522080
RandolphReporte,501045556
RandomLengths,383114423
rangenews,73301751
rappnews,156408784
RappRecord,29212306
RavalliRepublic,69658524
RawDailyTimes,587836016
RaynhamCall,1115114300
RaytownEagle,1858945328
RBJdaily,18938376
RBLandmark,293129700
RCJournal,19209569
RCNewsherald,19350375
RCReader,17749447
RDRNews,517686420
readingadvocate,48735183
ReadingEagle,16408067
readthesun,28492990
RecordBee,19680385
RecordCourierNV,46447972
RecordEagle,26518175
Recorder_news,35878291
recorderonline,22118487
RecordGazette,1511805104
recordherald,16825847
Record_Journal,16312441
Recordnet,14609072
recordonline,9802132
recordpatriot,117532697
RecordPub,17869846
RecordReport,33922483
RecordTime,27051089
redandblack,15587639
redbluffnews,68460673
ReddingHH,1208500478
ReddingPilot,55613102
redeyechicago,16381558
RedlandsNews,48791466
reflectornews,17488749
reflectoronline,15370333
ReflejosNews,177318459
RegisterCitizen,61321048
registerguard,18842256
Register_Herald,594843477
RegPaj,63807293
RensselaerNews,36678765
RentonReporter,53173353
rep_am,17369431
repherald,15291183
ReporterFarmer,2830335926
reporterherald,17141766
ReporterNews,18647970
Reporter_News,75277551
reporterpatriot,73459028
republicanjourn,119377275
republictimes,100800817
Resident321,56113927
RestonConnect,303921179
retrieverumbc,36515795
Reuters,1652541
ReutersScience,15110431
RevereJournal,70521534
ReviewAtlas,794109384
reviewjournal,15358759
RFERL,42700240
RF_ForestLeaves,759955015
rgj,9690012
RGResident,733761852
rheaheraldnews,164306734
RHHerald,67328093
RhinoTimesGso,24937222
RHTrav,23392933
richfieldreaper,827421763
richmondmonews,86960390
RichmondRsports,65287702
rickpricepga,1326297104
RidgefieldPress,52784231
RIMonthly,16635859
riverdalepress,18514970
riverfallsj,15428707
RiverfrontTimes,17448965
riverheadnews1,89550207
RLnewspaper,1301273910
RMCollegian,2982226612
RNObserver,113681005
RNRtwits,18810895
Roanecountynews,1932714150
Roanoker,26845764
roanoketimes,8756502
RobCoTimes,370364693
robdailynews,121785094
rockdalecitizen,231883981
RockinghamNow,158355136
Rockland_News,386163434
RockRiverTimes,50664589
Rockslides,555318368
RogReview,168694077
roguebyline,282443024
RollaDailyNews,468745733
rollcall,15922214
romenewstribune,21315772
RomeSentinel,736668061
RoslynNews,2221841437
roundrockleader,316564839
roxborocourier,106462350
RoxburyRegister,500989749
RoyalOakReview,3127693016
RoyalPurpleNews,24221415
rrdailyherald,24293140
rrstar,14026372
RRToday,28262222
rsfreview,204581068
rsvlcourier,50089656
RT_com,64643056
RTDNEWS,23764675
R_T_news,1854697670
RUMBOnet,38523983
Rush_Republican,211594839
RustonLeader,201420429
RUTartan,33672991
RutlandHerald,10508912
RVCHerald,340344751
Ryder_Films,151141197
sabanews,20503392
sabethaherald,1692048050
SABizJournal,20088983
sacbee_news,14411304
Sacbiz,23092822
saccityexpress,69674165
SacGazette,69212542
SacNewsReview,17926257
SacObserver,9311472
SAcurrent,15342142
sagharboronline,57746352
saginawnews,14384452
saladovoice,111434409
SalamancaPress,43708461
SalemLeader,2301617706
salemnews,8861262
SalemNewsOH,58792174
Salem_Statesman,41691265
salemweekly,60734964
salinajournal,17079621
SalineCourier,188487177
salisburypost,15753241
salnews,24776576
SAMessenger,359938102
SampanNewspaper,372464819
SampsonInd,2349961167
SanAngeloLIVE,15787714
SanDiegoMag,28457505
sanduskyregistr,31460417
SanfordHerald,19671375
sanjuanislander,39099567
SanJuanJournal,234088546
SanMarinoTribun,1465457538
SanMateoTimes,210975338
SantaFeReporter,20463615
SantaMariaSun,24033318
SantaMariaTimes,18472450
SaratogaTODAY,507600771
SaratogianNews,112772431
Saugusnews,19455868
SaukHerald,2842646870
saukvalley,18093695
SavagePacer,20823691
Savannah_Herald,616346759
SavannahNow,9164672
SavMag,52161492
SawyerCoRecord,633185507
SBForumNews,64742646
SBIndpndnt,404596070
sbjnet,19738507
sbstarherald,33619524
sbstatesman,23890834
sbsun,36726529
SBTribune,20528760
SBUOmnibus,242594373
scaddistrict,22385426
SCANews,33264843
sciam,14647570
scifri,16817883
SCitizen_News,351136799
scituatemariner,36974424
scj,12663042
SCMP_News,23922797
SCNewsAegis,285312624
scsentinel,7136152
SCSSentinel,1553540574
SCSunNews,154037834
scsuntimes,281657680
sctimes,15650827
S_C_Times,745124494931439616
SCVaStar,28364745
SCVSignal,16882281
SDbusiness,24221330
SDCityBeat,15920055
sddowntownnews,262790137
SDMagazine,20163708
sdnews,19777847
sdreader,69702585
sdut,14148802
seacoastonline,7510172
SeaDailyCitizen,127656904
SeasideSignal,151140635
SeattleDJC,86197080
seattlepi,10648962
seattletimes,14352556
seattleweekly,16230239
SedaliaDemocrat,196787832
SedonaDotBiz,426646767
sedonanews,122561327
seguingazette,128367623
SeldoviaCom,936277356
SelmaEnterprise,139821185
SelmaTimes,1229022492
semissourian,14144549
SemTXSentinel,1655948227
SENewsteam,376958549
SentandEnt,91374978
sentineltribune,37663094
SEOhioMagazine,193139668
seqcotimes,75298885
SequimGazette,33678751
SERVE_DAILY,634491297
Setonian,17204800
sevendaysvt,6597892
SeymourTribune,299684943
sfbayview,18104715
SFBJNews,23632864
SFBusinessTimes,19560636
sfchronicle,121597316
sfexaminer,34700777
SFVBJ,62936417
SFWeekly,18132494
SGVTribune,19312573
Shakopee,19405507
sharonadvocate,20259433
SharonHeraldPa,119404374
ShawanoLeader,19738517
shawneedispatch,19349842
shawneenewsstar,23108538
SHChronicle,188810664
SheboyganPress,19072146
sheffieldpress,125383937
Shelburne_News,64748862
shelbycreporter,19344457
shelbystar,17597919
ShelbyUticaNews,329830871
ShelbyvilleNews,458440520
SheltonHerald,67367761
shepherdexpress,14875771
Sheridan_Press,380373855
SherwoodVoice,479054591
ShinySheet,27041654
ShopperNewsNow,3170860074
shorelinetimes,216091030
shorenewstoday,11344472
ShoreviewPress,119480839
shreveporttimes,17870317
siadvance,24094444
sidneydailynews,285736926
sidneyherald,24293800
SierraSun_News,30063861
SiftingsHerald,728645114
SigourneyNews,115698155
SimpsonianSC,72186333
Siskiyou_Daily,2165456221
sitkasentinel,69108694
SitNews,715053342
SJGoings,36955564
SJPlaindealer,1377404953
SJRbreaking,13604262
SkiatookJournal,334863894
Skokie_Review,762701472
SleepyEyeONLINE,542091092
SLOTribune,13179562
SLPilotTribune,2377274767
SLTimes,42892765
sltrib,15369276
Smart_Business,26233680
smdailyjournal,44976030
smdailypress,143109155
smeveningleader,61877887
smh,16675569
SmithfieldTimes,18866918
smithvillenews,37951487
SmithvilleTimes,1954785228
SMMirror,89289264
SmokyMtnNews,29752569
smokymtntimes,3460735287
smrnews,17827429
snowest,30414181
SnowmassSun,615380245
SoAzNewsX,353889075
sobNR,88928040
SoBoGazette,120653125
SoCalPulse,53436443
SoCoTimes,19037491
SoHoJournal,50728664
SolonEconomist,378239912
SoMdNews,78111823
somervilletimes,18433491
sonomanews,18057936
SonomaValleySun,39028324
sonorannews,234111183
SooEveningNews,1329194378
SoprisSun,429502012
sourceweekly,65438112
southcoasttoday,7542802
southeastsun,27102881
SouthernDigest,38090456
Southern_News,44445991
SouthfieldSun,3127069178
SouthHillEnterp,343456965
SouthReporter,2450275111
SouthSideBiz,47010452
SouthsiderMag,322841037
SouthsiderVoice,423008274
southsidetimes,32123518
SouthwestTimes,966759138
SpanishJournal,41188203
SparksTribune,67065673
SpartanDaily,22571858
Spartan_Echo,275124948
spcitytimes,564695894
SpDailyReporter,2340986982
SpecialReport,122207745
spectatornews,21099756
SpectrumNews,36198016
speerjt,15281952
SpiritofJeff,276494052
SPObserver,3447483148
SpokaneJofB,2873796810
SpokesmanReview,3934221
SpoonerAdvocate,415662798
spotnewsfeed,84370843
SprConnect,304030991
springfieldnews,15689607
springfieldNL,20624061
SP_Sentinel,1160775750
SpudmanMag,30042396
Sputniklnt,3386207949
SputnikNewsUS,115618332
srpressgazette,105234949
SRURocket,71305435
SRValley,82196959
SSC_Star,374027694
SSentinel,23110148
SSLeader,16076533
sstandardnews,1702360633
StamAdvocate,16583845
stamfordplus,32602636
Stamford_Times,15013220
StanCamNEWS,613807562
standardbanner,1250346146
standardex,17007478
standardspeaker,124555109
stanlynewspress,122937367
StarAdvertiser,126424795
Star_Argosy,421227965
stardem_news,373990589
stargazette,14836971
StarkvilleDaily,20890143
starledger,11877492
starlocalmedia,823993891
StarNewsGroup,151562080
starnewsmn,39756805
StarNewsOnline,15537849
startelegram,15615783
StarTribune,17348525
StateGazette,23689559
statejournal,17872391
StatePortPilot,243334319
statepress,15925421
statesman,5692542
statesville,19083793
staugrecord,46375072
STcom,37874853
steamboatpilot,13100572
SteGenHerald,2927641922
SterlingJA,102806255
SterlingSentry,468715932
SteubenCourier,259280207
StevensPointJrl,18365574
STGnews,192788396
StHelenaStar,25122673
stillwgazette,2364303576
StJosephleader,50314717
stlBizJournal,111995835
StLouisAmerican,89680611
stltoday,6039302
stokesnews,69378571
StoneCoLeader,31414770
StonehamSun,19729105
stoutonia,273222121
StoweToday,19785620
stowsentry,87215237
StratfordStar,67347919
studlife,20752758
StuffNightlife,15006177
sturgisnewsroom,552834522
Stuttgart_DL,606702354
StwNewsPress,24184181
StyleWeekly,17487820
SudburyCrier,17847135
SuffolkJournal,23682838
suffolknews,19350567
SUindependent,249744932
SullCoDemocrat,407787297
SullivanINTimes,561603779
SulphurNews,322794494
SulRossSkyline,369327961
SummitDailyNews,36978283
sunad,26435878
SunCmtyNews,3043601188
SunCurrent,65736329
sunflowernews,44434255
sunherald,12810582
sunjournal,8729092
SunSentinel,12699932
SunshineXNews,153474633
SunTelegraph,993964483
SunThisweek,16298634
Suntimes,12811952
SunTimesSports,1061877517
SUPicket,634053957
SU_Spectator,26116513
Sussex_Countian,47234908
suunews,214667066
suwanneedemocra,32069292
SVAcorn,136340465
SVbizjournal,17625154
SVherald,18282010
svi,15928002
SVJGoings,36957232
swampscott_rep,241231537
swatgazette,10374542
swatphoenix,60326749
swcbulletin,15428725
SWjournal,16687236
SWMTmagazine,604002966
SWTRReporter,2294905464
SwVirginia_News,107102178
SZ,114508061
TacomaIndex,354592803
TacomaWeekly,52887365
TahlequahTDP,1609324886
TahoeDailyTrib,29509437
tahoedotcom,12800852
takomavoice,290798785
TallasseeTrib,329663078
TalonMarks,25147932
TamaToledoNews,58870935
taosnews,29815112
TauntonToGo,114490264
TaylorPublisher,38606834
TBBJnewsroom,17129404
TBBusiness,1650579692
TBNwebmaster,51370388
TBOcom,14247572
TBRNewspapers,245492384
TB_Times,14304462
TCCurrent,161036263
tcnjsignal,21221304
TCPalm,18457416
TCPaper,50291714
tctimes,25364651
tcu360,281715255
TCUMagazine,17026617
tdchronicle,257228064
TDJnews,14873724
TDOnline,15822299
tdtnews,37004385
teaweekly,106640569
TechNewsIIT,490832603
TEC_newspaper,38582082
TecumsehHerald,24188915
tehachapinews,28196039
telegramdotcom,15610400
telegramreports,32211324
Telegraph,16343974
telegraphga,12704612
TelegraphHerald,67374305
TelluridePlanet,259405469
Tennessean,16639736
TennesseeBuzz,285065118
TennStarJournal,2505428408
terrelltribune,43051623
TetonValleyNews,87033578
TewksburyNews,151566654
TexasBlazeNews,1325880258
TexasHighways,26937936
TexasMonthly,16365305
TexasObserver,15021918
TexasTribune,44513878
TFamuan,467946364
the419,2456878704
The4thEstateGB,84387008
TheAcornNews,784962926306144258
theacornonline,1408894190
theadanews,313299237
theadvertiser,15161625
The_Advocate,18776869
theage,32201814
thealbanynews,362103794
TheAlestle,38120609
TheAlligator,8737662
TheAllState,42316036
thealmatimes,114583777
TheAlpenaNews,50786932
TheAltusTimes,1098664896
TheAnsonRecord,2291757392
TheAppalachian,61078471
thearknewspaper,312415773
TheAspenTimes,46177840
TheAthensNEWS,53408960
theatlantavoice,199252851
TheATRegister,20773027
TheAUPlainsman,372467453
TheAvenueNews,845568691
TheAZB,205379197
TheBattOnline,52884959
TheBaytownSun,360051634
thebeaconnews,40561493
The_BG_News,19175815
TheBGT,20592709
TheBizJournal,314550535
TheBlueBanner,92362534
TheBoerneStar,555396947
TheBportNews,193343291
TheBradfordEra,423749259
thebrayonline,202321570
TheBrazilTimes,596738953
TheBreezeJMU,20323661
TheBristolPress,1598165124
TheBuffaloNews,43805270
thebulletin,16798764
The_BV,72694635
TheCadizRecord,346760431
TheCalaisAdv,822143041
TheCambrian,34437253
TheCamHerald,555490260
thecampanil,15317770
TheCanyonNews,25690764
TheCardinalNews,34655333
TheCatsPause247,28992215
thecbgazette,55673466
The_CBH,972255798
thecharpost,34055841
TheChartOnline,18859160
TheChiefLeader,313344689
thechiefnews,2876884384
TheChimesNews,77312280
TheChrony,31592058
The_Citizen,14676527
thecitizencom,42388488
TheCityPaper,16117930
TheClarenceBee,3187365172
theclarionpaper,463072144
thecolbyecho,76803198
thecollegevoice,26428341
thecollegianbju,172176867
thecolumbian,15079397
TheColumbiaStar,318601384
TheConcordBU,1960205916
TheCourierNews,505995840
TheCourierTimes,22229503
TheCowl,62618311
Thecreole_com,2243215728
thecrimson,16626603
TheCrimsonWhite,43852492
theCT,326401304
The_Cuestonian,472323244
TheCullmanTimes,25020568
TheCV,19711438
thedaily,12762342
TheDailyAztec,23522406
TheDailyCall,2290154384
thedailycampus,21170159
the_dailycampus,191699093
thedailycitizen,43330472
TheDailyCougar,16166076
TheDailyCourier,27949016
TheDailyForum,169947445
thedailyherald,172860953
TheDailyIllini,19206905
TheDailyIowan,15925848
thedailyjournal,24751297
TheDailyLeader,774342162
the_daily_news,20545650
thedailynu,23012995
TheDailyPilot,40296036
TheDailyPress,33593050
TheDailyRanger,525785643
TheDailyRecord,17870329
thedailystar,13062472
TheDailySun,33676743
thedailytexan,21426656
TheDailyTimes,15344849
thedailytitan,46243682
TheDailyUnion,88712640
The_Daily_World,1480338367
thedartmouth,21126770
The_Davidsonian,577450856
thedayct,29271212
thedbk,36003748
TheDePaulia,185038486
TheDePauw,35266302
The_Derrick,205370026
TheDickinsonian,364964174
thedigitalnp,111420986
TheDigitel,15725863
TheDMG,38482730
thedm_news,42978609
TheDPA,20611494
TheDundalkEagle,94164805
theduquesneduke,134270579
theeagle,19811171
TheEagleOnline,14467460
TheEasternEcho,17327335
theeatonrh,263349357
TheEcho_Taylor,488093279
TheEconomist,5988062
theEdwi,43983462
TheEJlive,725986314
theeveningsun,16370927
thefactsnews,36393142
TheFastPitch,19684235
theflathat,21344229
TheFloridaStar,399024035
TheFoghornNews,2194427792
The_Forecaster,17967025
TheFranklinSun,921407492
TheFrontOnline,25119273
TheFVillageNews,158192819
The_Gambit,13590162
thegamecock,18958586
thegardenisland,26126881
TheGeorgeAnne,28835000
TheGilmerMirror,41682366
TheGleanerNews,301040105
TheGuilfordian,187937831
TheHAC,20593413
thehawaiiherald,227133998
TheHawkEye,15085181
TheHCCrusader,337844940
TheHCFlyer,231253495
theHDN,217150116
the_herald,25581369
TheHeraldPress,436869986
theheraldreview,117532018
TheHerald_Sun,293063251
theheraldtimes,21316821
thehill,1917731
thehilltop,3458832856
the_hindu,20751449
TheHinsdalean,730464717198786560
thehj,36689755
TheHourNews,17769598
TheHoustonian,2760455022
thehoya,63314984
TheHudsonSun,458113653
the_hullabaloo,19752025
TheHypeMagazine,20212140
TheICToledo,145297595
theimproper,26070005
theindependent,10191572
TheIslandNow,622066615
theitem,19657736
TheJambar,20797283
TheJI,19410993
thejj,24101061
TheJohnsonian,48493886
TheJournalCO,540352897
TheJournalMN,58790182
TheJournalMPLS,16746088
thejournaltimes,547132107
TheJournalWV,58524142
The_JT_Breeze,1115008843
thejustice,19636544
TheKnightNews,319307712
TheLafayette,155742125
The_Lake_Today,208055275
thelandmarknews,140919032
TheLantern,11777302
thelasentinel,25536902
TheLawrentian,250886182
thelct,110490947
TheLeaderHerald,58789743
TheLeaderMO,406598119
theledger,16233017
thelionessgroup,78665976
theloganbanner,125462335
TheLoomisNews,56831153
TheLPJ,20592912
themacweekly,77564168
TheMadisonPress,135137503
TheMaineCampus,17301273
TheMaineEdge,16808289
TheMalibuTimes,121600219
TheManeater,15441117
TheMarionStar,38460940
TheMauiNewsHI,58544650
TheMDIslander,384837363
TheMeckTimes,312143117
themercurynews,14448110
TheMetOnline,87818432
TheMetroSpirit,1954490168
TheMiamiTimes,406974565
themidwesteagle,3127972377
TheMissourian,67486755
themobserver,3171060136
TheMontclarion,47431897
TheMooreCoNews,1091168779
TheMoreheadNews,546198088
The_Morning_Sun,15050952
themotleyfool,15568127
TheMountainNews,242569275
theMSGR,2472760855
TheMtnMail,362564496
themtnpress,74183291
TheMVTimes,108348597
TheNBOnews,2541626365
thenewhampshire,19593760
thenewmexican,15907432
TheNewportDaily,252699061
thenewsdemocrat,117091842
TheNewsDispatch,36559326
TheNewsEagle1,1096139192
TheNewsGazette,104247826
TheNewsGuard,41466295
The_News_Herald,16636924
TheNewsPress,14089276
The_News_Record,28148994
thenewsstar,34374919
TheNewsSun,29283211
thenewstribune,8983922
TheNewtownBee,20512928
the_nique,16024039
TheNJITVector,52615810
TheNLPatriot,39607917
theoaklandpost,19209460
TheOaklandPress,20090273
theoakridger,14790192
theobserver,8695932
theobservernj,234043377
TheObserverNY,58808618
TheOburgJournal,1337427558
TheOEnews,353772009
TheOldhamEra,19451841
theolympian,12807732
TheOnion,14075928
theorion_news,15971215
TheOrlandoTimes,605531775
TheOsakisReview,378669161
TheOxfordLeader,552016600
ThePacePress,22526810
ThePacer,13973442
ThePaisano,25165225
ThePanAmerican,221855426
thepanolian,62602965
TheParisNews,191216971
ThePCNR,141198415
ThePennIUP,203079166
ThePerryChief,3153282168
ThePicayuneItem,1531551674
ThePilotNews,301484848
ThePioneerLog,76890626
ThePittNews,16641565
ThePlacerHerald,56834815
theplanetjh,17381131
ThePoliceNews,120504806
ThePolyPost,20828218
ThePortlandTrib,55473790
ThePost,28899666
ThePostandMail,1058562577
ThePostSouth,2693642942
thepress_net,52449805
TheProgressNJ,180578566
theracquet,30597494
theRCnews,345810161
TheReaderOmaha,21816904
therebelyell,826465352313950208
TheRecorder,16055731
TheRecorderNews,274153743
TheRecorderPV,121533670
therecordherald,102437332
theregionalnews,128608111
TheReminderMA,375124368
TheReporter1,127613560
therepublicnews,40665170
TheRetrospect,31513759
TheReviewOnline,58791130
TheRiceThresher,69330711
theridernews,402945604
The_Robesonian,2528018029
TheSalinePost,620541682
thesandb,21555437
TheSandPaperLBI,564801305
TheSantaClara,59003455
TheSavannahTrib,322748979
theScoutnews,45545345
TheSeaCoastEcho,461309392
TheSeahawk,29505229
TheSenRec,264356119
TheSentinelMN,58542800
TheSentinelNews,253312773
TheSentinelPA,58560108
TheSierraStar,105311202
TheSkannerNews,31260535
TheSkidmoreNews,73290282
TheSnapperMU,262933830
thesnews,16019697
TheSouthEnd,64748024
thesouthern,18200760
TheSPEagle,50138727
TheStandard_MSU,78422390
thestarbeacon,3041495742
TheStarPress,48050142
thestate,12831882
TheStateHornet,17566659
TheStateNews,234904800
TheStreet,15281391
thesuffolktimes,89711932
TheSunChronicle,26262890
TheSunJonesboro,1448883031
TheSunOnTheWeb,81589314
thesunrunner,80193589
TheSvilleNews,21588008
TheSylvaHerald,24693169
THETACK,824831006796574721
TheTandD,20941458
thetech,28937654
thetechtalk,95693369
TheTempleNews,15907207
thetimes,6107422
TheTimesGazette,78957670
thetimesherald,15076670
TheTimesLeader,58524891
thetimesnews,19536655
TheTowerlight,15276163
TheTownTimes,462332278
TheTriangle,15129603
thetriplicate,44008059
TheUALRForum,746026706
TheUBScribe,146237229
TheUNews,40347717
TheUnion,15536445
theuwmpost,102748292
TheValleyBreeze,821994672
TheVanguardUSA,507746865
TheVDT,24713181
TheVermilion,77280809
The_Vidette,46752026
TheVillagerATX,501990563
thevillagernyc,71141734
TheVoiceTribune,42625595
thevolante,25158417
TheWakullaNews,48382055
TheWalpoleTimes,109345484
TheWanderer,40018496
TheWaveNews,351895654
TheWayneHerald,3248893208
thewesterlysun,29976138
TheWhitOnline,16151929
TheWhitworthian,16594153
TheWilsonTimes,58366671
TheWoosterVoice,2759800778
TheWorldLink,18362692
TheYadkinRipple,2321100152
TheYazooHerald,919759946
TheYorkWeekly,321545100
ThisWeekNews,15763558
ThisWeekPoconos,444024345
THR,17446621
threeriversme,1257669091
threeriversnews,27644391
ThreeRiversPub,1208599058
TidewaterNews,19350079
TiftonGazette1,1249962008
TigerMediaNet,1670875057
TIME,14293310
TimesAdvocate,2877462928
TimesArgus,23093824
TimesCall,20104506
TimesCitizen,1688480862
TimesCourier,456030236
TimesDaily,80747858
timesdelphic,70567895
Times_Dispatch,293616226
timesenterprise,120028102
TimesFreePress,16028049
timesgazette,17907697
Times_Gazette,16868098
TimesGeorgian,1151287537
TimesHerald,16445311
TimesHeraldPA,21057999
Times_News,37012909
timesnewsonline,23782016
TimesObserver,58822821
timesofindia,134758540
TimesPost,41442263
Times_Press,2957248827
TimesRecord,24790910
TimesRecorder,15673261
timesrecordnews,1205297323
timesrepublic,57244077
TimesSentinel1,143580934
TimesTelegram,2202615703
timestribune,10680632
TimesTribuneKY,69028657
timesunion,17448662
TimesWV,541060226
TinleyJunction,38739280
TiogaPaGazette,309762174
tippnews,70984230
TiptonTimes,463652608
TKJGoings,36964009
TLnews,19792502
TMEnews,72133803
TMountainJ,513872614
TMZ,16331010
TNENEWS,361019625
tnl_updates,46253974
tn_tribune,379153641
TOAcornNews,462382474
toledonews,22795270
Tolosapress,2332392240
TomCoombe8,152908024
tonganoxie,19349914
TooeleTB,402283140
TorchHeadSays,188168117
TorrTelegram,188491595
TownCrierOnline,48732959
TowneLaker,30774215
townhallcom,28614262
TownTalkDotCom,29523826
TownTopics,47974129
TranscriptMOT,17366527
Travel_Iowa,16788948
TravelOregon,14276094
Trentonian,14909815
TriadBizJournal,21218607
TriangleBIZJrnl,15904273
TribecaTrib,165807088
TribLIVE,20269833
tribstar,10910072
TribToday,58824655
TribunaCT,901823270
tribunedemocrat,155634922
TriCityHerald,12763982
TriCityTimes,615305431
TriCityTribune,54064786
TriCountyLeader,388489227
TriCountyRecord,118809455
TriCountySentry,180857239
trinityjournal,48495120
tritownsentinel,102677208
TROhio,38477406
Tropolitan,185900315
Troydailynews,1945474574
TroyMessenger,19349897
troyrecord,24905968
TroyTimesCG,415732742
TRRnews,620260412
TrueWestMag,50447736
trumanindex,75108589
TrumbullTimes,67353799
tryonnews,239156124
TSLnews,26427495
TSUTheMeter,50811066
ttranscript,19033755
TucsonStar,3952661
tucsonweekly,17435612
TuftsDaily,16876049
TulareVoice,1256204940
TullahomaNews,20592194
tulsaworld,14709647
tuonline,38506637
turlockjournal,19185307
tuscaloosanews,18949107
tuskegeenews,40903888
tvilletimes,50711072
Tville_Times,2375954390
twc_hurricane,313537605
TweetHomeAla,52770481
TweetNewEngland,30215703
twincitytimes,299738180
TWI_newsroom,1089578102
twinfallstn,133816716
TwoRiverTimes,90914191
TxkGazette,201579242
Tylerpaper,17889684
tylertribute,260762878
UABkscope,21456389
uafsunstar,27759651
UAtrav,21917202
ubnews,11965052
UBSpectrum,35583342
UCAEcho,72892366
UCBerkeleyNews,30275911
UCFnews,34125658
UConn,84327770
UCR_Athletics,15984115
ucsc,10772102
UCSDGuardian,36594224
UCSF,15458277
UCSF_Synapse,624983768
UDelaware,29447487
UDJnews,633330243
udreview,42771391
UGACOLUMNS,775938918646550529
UHartInformer,22283862
uiargonaut,104002962
UICnews,24011759
UNAFlorAla,109387098
UNCP_PineNeedle,16092099
UNFspinnaker,16398730
UnidosSC,173999061
uniondemocrat,26532180
UnionEagleNews,331696739
UnionLeader,20073589
UnionRecorder,39510268
UniverseBYU,55391476
University0News,1528151036
UniversityChron,248812885
UniversityStar,10045512
uofsandiego,48073090
UPI,16666806
upressonline,28627312
UpstateBiz,1058197038
UrbanaCitizen,44497416
URCollegian,26161769
USATODAY,15754281
USDVista,348558832
USFOracle,23632423
USMFreePress,23494584
usnews,6577642
USNPL,81144366
UtahStatesman,31444869
UTAShorthorn,22577512
UTC_Echo,316178357
UTEP_Prospector,21318168
uticaOD,17243809
UvaldeNews,1487838944
uvsj,25596437
uvureview,22571200
uwrfvoice,58875918
uwsp_pointer,124207903
UWTLedger,106642224
vacareporter,87504672
vagazette,144904461
VailDaily,15690738
ValleyAdvocate,101272306
valleycenter,36238813
valleydispatch,986857034
ValleyGazette,67360631
ValleyNewsToday,1596414373
ValleyPlanet,29212669
valleyrecord,158536972
ValleyReporter,263701385
ValleySentinel1,325769705
valleystar,19919055
ValleySun,41429340
ValleyTimes,67451138
VandaliaDrummer,73179801
VandaliaLeader,20593650
VandyHustler,77537626
vanzandtnews,462164269
Variety,17525171
VBCDemocrat,463422324
VCNewsBulletin,278644764
VC_Reporter,2447793618
vcstar,15292065
VCTimesRecord,1007254370
VEGASINC,29825057
VegasVCO,46843604
VeniceGondolier,1395181249
VerdeNews,171282488
vermont_fyi,18607241
VernonHillsPPN,762682232
Vicadvocate,15535842
VicksburgPost,1109839831
ViennaConnect,303924438
VillagerDenver,115174689
Village_Report,1079877763
VillagerNews,75629256
Villages_News,1470589358
villagevoice,22059385
VilleJournal,16032913
vindicator,14076171
vineyardgazette,97021713
visitidaho,16560899
vivelohoy,253632910
vjotimesherald,102107828
VMIBeachcomber,177299648
VOANews,16273831
VoiceOfPeeDee,27952027
VoiceViewpoint,1188600084
vsuspectator,15675316
vtdnews,61045464
VTWomanNews,607296367
VVDailyPress,44212632
vvoh,25571825
WabashCollege,65686324
WabashPD,460238908
waconiapatriot,3345895018
wacotrib,15101583
wahoonewspaper,223906482
wahpeton,24295890
WakefldObserver,20057510
wakeweekly,45454144
waltergeiger,22074820
WalthamNewsTrib,165571907
WaltonSun,246844355
waltontribune,73103059
WapakDaily,2382160040
warehamcourier,14332314
WarrenRecord,297623476
WarrenWeekly,3131031319
WartburgCircuit,21795790
WasatchWave,517806167
WasecaNews,37479195
washexaminer,27703934
washingtonian,14238142
washingtonpost,2467791
washpostfashion,1382170926
WashTimes,14662354
washtimesherald,63516513
WataugaDemocrat,14857971
watertowntab,18242076
WaTimesReporter,887593220
WaukeshaFreeman,249279773
WaunetaBreeze,4779371491
wausauherald,17443274
WaverlyNews,171482928
WavNewspapers,531382943
WaylandCrier,1180294070
WaynedaleNews,78524348
WBBeacon,3130664118
WBIndependent,19363575
WBJonline,15945641
WBJournal,18256822
WBTimes,1202199205
wcchieftain,29851728
wcdailylocal,94599930
wcexaminer,1688758134
wcfcourier,18218604
wcjournal,49980429
WCMessenger,18384904
WCMonitor,1249297748
WCN_HCT,226202255
wcnonline,20197615
WCourierNews,252794721
wcp,14437161
wcrnews,838133898
wctrib,15429080
WCUsNewspaper,39790757
WDNweb,256517243
wdtimes1,244041978
WDTnews,18727106
WdvlWeekly,35768528
weatherchannel,20998647
webbweekly01,2892471569
WeberSentinel,266192983
WebsterJournal,54096440
WebsterProgress,346986012
weekendbalita,624844033
weeklyalibi,18917501
WeeklyCali,25123110
WeeklyCitizen,40416949
weirstimes,180638409
WeirtonDlyTimes,58541611
WelEnterprise,2572491208
wellesleytown,25352088
wellsvilledaily,17874823
WeLoveDowntown,30191678
welt,8720562
Wenatcheeworld,15484056
wesleyanargus,73249341
WestboroughNews,493431554
WesternHerald,72370276
westernnews,21307882
westfaironline,37578208
westfargo,15429045
Westford_Eagle,156867500
westhawaiitoday,115466478
WestLifePaper,68460567
WestLinnTidings,91153522
WestmoreNews,1624202936
WestonCrier,1180303182
westonforum,56477388
Westport_HH,339678947
westportminute,110720391
WestportNow,17948831
westseattleher,31941306
WestSideJournal,26069630
WestsideLAToday,2303885136
WestValleyView,16562166
WestwoodPress,91202763
WetumpkaHerald,31237182
weymouthpaper,394820281
WfordDemo,46674564
wfu_ogb,262957520
WGFD,1025185082
WGResident,613838639
wgtndailynews,18027152
whartonjs,46196849
wherald,26235267
WHHerald,22820891
WhidbeyNews,30929763
WhidbeyRecord,30928281
WhigNews,63720288
WhiteBearPress,16102785
whitefishpilot,77301563
whitmanpio,776619757386608640
WhittierNews,19414861
whvoiceads,550461471
WichitanOnline,325902731
WickedLocal,11178352
WickedLocalLex,17519427
wickenburgazcom,54928770
wickenburgsun,2841386975
WilcoSun,2709716292
wildwoodleader,240818975
wilkesbeacon,15564749
Williams_Record,349240894
WilliamstonJour,462954843
willistonherald,19446193
WilmetteBeacon,172784795
Wilmette_Life,763767738
WilmingtonNews,19608272
wilsonconews,97281902
WilsonPostNews,104292181
WiltonBulletin,68432208
wilton_villager,15030677
winchestersun,26005472
WindhamEagle,4638661522
WindsorBeacon,32488550
WindsorNow,24223439
WindyCityTimes1,30284449
winfieldcourier,35131348
WinnetkaCurrent,237473889
Winnetka_Talk,758319330
WinonaDailyNews,19304488
WinStarVa,54946441
WinstedJournal,70528403
WintersExpress,48143346
WIRED,1344951
WIREDScience,8963722
WiregrassFarmer,57334881
WiscassetNews,632936203
WiStateJournal,15752446
WJJGoings,36964818
wkdr,20281416
WKTimes,18953338
wkuherald,14193764
WLBeacon,28572823
WLINDEX,391481716
WMIcentral,151189229
WmsptSunGazette,23499427
wnypapers,147658618
woburnadvocate,52141644
woodburymn,15429115
woodlandnews,236951091
WoodstockInde,372395560
woodwardnews,65718456
WoodwardTalk,3126846325
WoonsocketCall,594822593
WPI,16687357
wpquill,2339699719
wptnews,124524837
WranglerNews,18955124
wrtribune,14525878
WS_Chronicle,577206898
WSJ,3108351
WSJThinkTank,28195764
WSJusnews,28135853
WSNewsLedger,385641462
WSpokesman,295937751
wstptnews,418646545
wsuguardian,50361393
WSUSignpost,43985046
WtbyObserver,286225494
WTEnews,33936298
WUCollegian,245569482
WVEAnews,49475767
wvgazettemail,8854622
wvstatejournal,19773907
WVTelegram,273969007
wweek,16491683
WWNewsReporter,1513355263
WY_Boomerang,101897967
WylieNews,73392981
xaviernewswire,90775118
xeniagazette,109469773
YahooSports,7302282
Yakima_Herald,16514376
yaledailynews,39114551
YaleHerald,508249806
yankeemagazine,9252172
ydrcom,8935172
yesweekly,18921549
YorkCountyCoast,321511831
YorkDispatch,17088476
yorknewstimes,6264712
YourChronicle,21412739
YourGoshenNews,52727059
YourWVnews,2657559384
YSNews,39793454
YucaipaNewsMirr,1486263372
YUCommie,818496265
YUObserver,368146818
ZDNet,3819701
Zeit,2794260316
zeitonline,5715752
zillow,19262500
Zip06CT,3020605048
zts1860,104504069