Token,Uid,Link
EssKaye16,215659214,https://twitter.com/EssKaye16
HowardKurtz,15731368,https://twitter.com/HowardKurtz
kevinkirbs,237454771,https://twitter.com/kevinkirbs
jesiday,16262635,https://twitter.com/jesiday
kate_krup,66348830,https://twitter.com/kate_krup
rad_snarf,584657460,https://twitter.com/rad_snarf
sallykidd,17086455,https://twitter.com/sallykidd
Gail_Austin,761651533,https://twitter.com/Gail_Austin
larsschwetje,17313998,https://twitter.com/larsschwetje
robyoon,620618811,https://twitter.com/robyoon
SutherlandFox,2421093038,https://twitter.com/SutherlandFox
gurnalscott,41963949,https://twitter.com/gurnalscott
KelleeAzar,1068503185,https://twitter.com/KelleeAzar
robertmooreitv,329918652,https://twitter.com/robertmooreitv
C4KylieM,199251548,https://twitter.com/C4KylieM
matt_itvnews,22825951,https://twitter.com/matt_itvnews
MattLaslo,26607712,https://twitter.com/MattLaslo
lanceingthing,3988150241,https://twitter.com/lanceingthing
morningmika,18227519,https://twitter.com/morningmika
NBCLOU,22831423,https://twitter.com/NBCLOU
DougNBC,94442794,https://twitter.com/DougNBC
RealBrittHughes,29220591,https://twitter.com/RealBrittHughes
tcapra,17518097,https://twitter.com/tcapra
laubchad,2565691009,https://twitter.com/laubchad
shaqbrewster,216747924,https://twitter.com/shaqbrewster
CarrieNBCNews,21027715,https://twitter.com/CarrieNBCNews
michelledubert,44380440,https://twitter.com/michelledubert
CharlieGile,1425691890,https://twitter.com/CharlieGile
EmilyGaffney509,136045129,https://twitter.com/EmilyGaffney509
dcdesker,23605114,https://twitter.com/dcdesker
ergold,34331838,https://twitter.com/ergold
kasie,12354832,https://twitter.com/kasie
mitchellreports,89820928,https://twitter.com/mitchellreports
NLebedevaNBC,2654652732,https://twitter.com/NLebedevaNBC
Steve_Mit,278815872,https://twitter.com/Steve_Mit
locamama,9722522,https://twitter.com/locamama
billhatfield,33298494,https://twitter.com/billhatfield
KellyO,224320485,https://twitter.com/KellyO
BrookeLorenz,67682138,https://twitter.com/BrookeLorenz
AmlingAM,42930296,https://twitter.com/AmlingAM
AmberCStrong,2343897943,https://twitter.com/AmberCStrong
JaxAlemany,307982591,https://twitter.com/JaxAlemany
PaulStrandCBN,630808206,https://twitter.com/PaulStrandCBN
AdamATCBS,20196398,https://twitter.com/AdamATCBS
AbigailCBN,3066095122,https://twitter.com/AbigailCBN
tracywinborn,85146065,https://twitter.com/tracywinborn
AngelaZatopek,857360184,https://twitter.com/AngelaZatopek
ccannon_dc,172370243,https://twitter.com/ccannon_dc
ttgaughan,36129751,https://twitter.com/ttgaughan
WCronkite,70709534,https://twitter.com/WCronkite
Philly_Bubaris,227570986,https://twitter.com/Philly_Bubaris
travisggaley,27959620,https://twitter.com/travisggaley
SBHarmon,97240254,https://twitter.com/SBHarmon
nancycordes,21702539,https://twitter.com/nancycordes
JanCBS,102238997,https://twitter.com/JanCBS
LouiseDufresne,178082389,https://twitter.com/LouiseDufresne
MusCBS,39012674,https://twitter.com/MusCBS
WinstonNBC,829662252,https://twitter.com/WinstonNBC
PeteWilliamsNBC,615443591,https://twitter.com/PeteWilliamsNBC
brianmooar,17163379,https://twitter.com/brianmooar
ishamdc,21792202,https://twitter.com/ishamdc
hagerhoo,58908090,https://twitter.com/hagerhoo
ShanicaJohnson,47598412,https://twitter.com/ShanicaJohnson
eliz_hinson,1564249999,https://twitter.com/eliz_hinson
allisonradio,41882703,https://twitter.com/allisonradio
JillianBHughes,50303740,https://twitter.com/JillianBHughes
juddzeez,251983774,https://twitter.com/juddzeez
atwaheed,246318153,https://twitter.com/atwaheed
CAL133,41278786,https://twitter.com/CAL133
CBSWalsh,48821786,https://twitter.com/CBSWalsh
mattlarotonda,163083221,https://twitter.com/mattlarotonda
jamiejmcintyre,25299244,https://twitter.com/jamiejmcintyre
BmoreConetta,183341278,https://twitter.com/BmoreConetta
laura_e_finch,21664938,https://twitter.com/laura_e_finch
PolsonKanneth,21657051,https://twitter.com/PolsonKanneth
ReenaJF,147666390,https://twitter.com/ReenaJF
ibalkhy,27545271,https://twitter.com/ibalkhy
AndyTriay,112814095,https://twitter.com/AndyTriay
simoneMperez,261962339,https://twitter.com/simoneMperez
Marshall_Cohen,49031364,https://twitter.com/Marshall_Cohen
caphilltrish,22978395,https://twitter.com/caphilltrish
PhilipinDC,160547588,https://twitter.com/PhilipinDC
bottidavid,94609588,https://twitter.com/bottidavid
stephcondoncbs,227037531,https://twitter.com/stephcondoncbs
wheelb,19932600,https://twitter.com/wheelb
krisvancleave,57072084,https://twitter.com/krisvancleave
adammaytv,123585060,https://twitter.com/adammaytv
AdriUsero,89760116,https://twitter.com/AdriUsero
juliaboccagno,448566152,https://twitter.com/juliaboccagno
Phil_Mattingly,104914594,https://twitter.com/Phil_Mattingly
bobschieffer,18776942,https://twitter.com/bobschieffer
libcasey,36764306,https://twitter.com/libcasey
smeghaniAP,195550861,https://twitter.com/smeghaniAP
khoresht,47535387,https://twitter.com/khoresht
BBCLindle,351465905,https://twitter.com/BBCLindle
Nadiahuraimi,32451164,https://twitter.com/Nadiahuraimi
SerenaMarsh,25112718,https://twitter.com/SerenaMarsh
johnrobertsFox,20975060,https://twitter.com/johnrobertsFox
FNCKimberlyS,563031187,https://twitter.com/FNCKimberlyS
lanesam,97135722,https://twitter.com/lanesam
monack,146960180,https://twitter.com/monack
reuter_cbliving,704429962279960577,https://twitter.com/reuter_cbliving
JonelleHenry,65962672,https://twitter.com/JonelleHenry
phillyrich1,63717541,https://twitter.com/phillyrich1
TOMFOTY,18943233,https://twitter.com/TOMFOTY
stevechaggaris,14477880,https://twitter.com/stevechaggaris
MajorCBS,46176168,https://twitter.com/MajorCBS
vmontoroCSPAN,776569014,https://twitter.com/vmontoroCSPAN
ChattmanTanya,1345059673,https://twitter.com/ChattmanTanya
alanacbs,245484736,https://twitter.com/alanacbs
CGalowin,4784615048,https://twitter.com/CGalowin
alanhe,18986746,https://twitter.com/alanhe
BESorenson,169679157,https://twitter.com/BESorenson
cspanSusan,552044121,https://twitter.com/cspanSusan
ErickStakelbeck,52724312,https://twitter.com/ErickStakelbeck
netouhey,16660725,https://twitter.com/netouhey
steve_dorsey,22856985,https://twitter.com/steve_dorsey
malbertnews,36246939,https://twitter.com/malbertnews
CNHorn,199836680,https://twitter.com/CNHorn
pamcoultercbs,96569103,https://twitter.com/pamcoultercbs
tzellz,4835435632,https://twitter.com/tzellz
JSLaRocca,31060812,https://twitter.com/JSLaRocca
CaitlinHillyard,78815811,https://twitter.com/CaitlinHillyard
adamraney,16872251,https://twitter.com/adamraney
juliannagoldman,17869798,https://twitter.com/juliannagoldman
RobinGradison,305834537,https://twitter.com/RobinGradison
kylieatwood,56001656,https://twitter.com/kylieatwood
stoddrad,94116066,https://twitter.com/stoddrad
RebeccaRKaplan,109446583,https://twitter.com/RebeccaRKaplan
KatherineIorio,403830992,https://twitter.com/KatherineIorio
HowardMortman,13262862,https://twitter.com/HowardMortman
cspanDebbie,2636521628,https://twitter.com/cspanDebbie
stevejacobi,18475166,https://twitter.com/stevejacobi
brightwhitney,34414631,https://twitter.com/brightwhitney
to_fo,450687329,https://twitter.com/to_fo
JenGarrott,323979352,https://twitter.com/JenGarrott
PaulaReidCBS,212674482,https://twitter.com/PaulaReidCBS
TheBrodyFile,117082566,https://twitter.com/TheBrodyFile
Lindsey_CBS,19792457,https://twitter.com/Lindsey_CBS
WeijiaJiangTV,170699708,https://twitter.com/WeijiaJiangTV
bscanlanCSPAN,46713710,https://twitter.com/bscanlanCSPAN
robhendin,16640598,https://twitter.com/robhendin
swdoody,180633358,https://twitter.com/swdoody
maggiemazzetti,19184955,https://twitter.com/maggiemazzetti
McGarrity_G,715001155,https://twitter.com/McGarrity_G
ny_chung,112806153,https://twitter.com/ny_chung
nicninh,22295243,https://twitter.com/nicninh
GWMacGillivray,605608408,https://twitter.com/GWMacGillivray
chel1lsand,303235165,https://twitter.com/chel1lsand
RealFrankBass,549372725,https://twitter.com/RealFrankBass
LisaStark,22982676,https://twitter.com/LisaStark
JenniferWishon,21326212,https://twitter.com/JenniferWishon
TheRobinMazyck,805328677,https://twitter.com/TheRobinMazyck
MichRem,16069566,https://twitter.com/MichRem
SteveScully,24926288,https://twitter.com/SteveScully
jdickerson,4119741,https://twitter.com/jdickerson
benjamin_oc,15365623,https://twitter.com/benjamin_oc
cspanAshley,1945117730,https://twitter.com/cspanAshley
cspanMcArdle,53127197,https://twitter.com/cspanMcArdle
lisa_fletch,564028464,https://twitter.com/lisa_fletch
CSPANAdrienne,19619179,https://twitter.com/CSPANAdrienne
margbrennan,50011708,https://twitter.com/margbrennan
ArdenFarhi,22189918,https://twitter.com/ArdenFarhi
BobSpence16,1148250228,https://twitter.com/BobSpence16
nathanhurst,15617668,https://twitter.com/nathanhurst
JohnJessupCBN,183212100,https://twitter.com/JohnJessupCBN
gallaghereport,54301047,https://twitter.com/gallaghereport
PeterHyDaniels,24904553,https://twitter.com/PeterHyDaniels
pslen,26465666,https://twitter.com/pslen
TheOtherKeppler,397478799,https://twitter.com/TheOtherKeppler
News_with_Love,172482310,https://twitter.com/News_with_Love
RiegerReport,62734246,https://twitter.com/RiegerReport
MaggieVoelzke,339490785,https://twitter.com/MaggieVoelzke
scotthimelein,1035497406,https://twitter.com/scotthimelein
KelleyBVlahos,246815887,https://twitter.com/KelleyBVlahos
brithume,112047805,https://twitter.com/brithume
niagarasquare,11371612,https://twitter.com/niagarasquare
BaziKanani,209735774,https://twitter.com/BaziKanani
sramosABC,15289200,https://twitter.com/sramosABC
jonkarl,15931637,https://twitter.com/jonkarl
JustinFishelABC,570295074,https://twitter.com/JustinFishelABC
HeidiJensenABC,217387239,https://twitter.com/HeidiJensenABC
cjf39,606626730,https://twitter.com/cjf39
AliABCNews,49620730,https://twitter.com/AliABCNews
meekwire,44478236,https://twitter.com/meekwire
rickklein,18172905,https://twitter.com/rickklein
MLevineReports,162563093,https://twitter.com/MLevineReports
maryaliceparks,262691862,https://twitter.com/maryaliceparks
benyc,17883494,https://twitter.com/benyc
PierreTABC,223870860,https://twitter.com/PierreTABC
nickirossoll,227546632,https://twitter.com/nickirossoll
ArletteSaenz,21878635,https://twitter.com/ArletteSaenz
D_Steinberger,39421317,https://twitter.com/D_Steinberger
LanaZak,211330724,https://twitter.com/LanaZak
Katie_Schubauer,1911537246,https://twitter.com/Katie_Schubauer
alisawiersema,175642863,https://twitter.com/alisawiersema
marykbruce,21215620,https://twitter.com/marykbruce
acrowder0606,1603358671,https://twitter.com/acrowder0606
PaulNBlake,145456012,https://twitter.com/PaulNBlake
JackDate,26256260,https://twitter.com/JackDate
BenjaminBell,24594836,https://twitter.com/BenjaminBell
KatieKastensABC,19148372,https://twitter.com/KatieKastensABC
markorchard,16203499,https://twitter.com/markorchard
KFaulders,177028305,https://twitter.com/KFaulders
aaronernst,17447972,https://twitter.com/aaronernst
josephweber19,825248874,https://twitter.com/josephweber19
AlanFisher,19409079,https://twitter.com/AlanFisher
elizondogabriel,33647344,https://twitter.com/elizondogabriel
baysontheroad,15531387,https://twitter.com/baysontheroad
HidaNews,2350586017,https://twitter.com/HidaNews
jpballoujourn1,58287227,https://twitter.com/jpballoujourn1
PattyCulhane,257553324,https://twitter.com/PattyCulhane
lruskin,20820517,https://twitter.com/lruskin
AyanaBrickhouse,28789225,https://twitter.com/AyanaBrickhouse
michaelshure,161752401,https://twitter.com/michaelshure
GavinoGaray,228083697,https://twitter.com/GavinoGaray
mirandacgreen,94418344,https://twitter.com/mirandacgreen
mariefrail,29124721,https://twitter.com/mariefrail
JillKitchener,552226182,https://twitter.com/JillKitchener
lizalatam,60791907,https://twitter.com/lizalatam
Don_Reuters,157158598,https://twitter.com/Don_Reuters
NJFrandino,36798116,https://twitter.com/NJFrandino
anyaparampil,323494714,https://twitter.com/anyaparampil
KIAJOHNSON6,618500169,https://twitter.com/KIAJOHNSON6
erinade,142130142,https://twitter.com/erinade
JanetAdkison,2363321760,https://twitter.com/JanetAdkison
apblake,15052671,https://twitter.com/apblake
edwardnh,16400258,https://twitter.com/edwardnh
greenblattmark,26005969,https://twitter.com/greenblattmark
DanFastenberg,79023244,https://twitter.com/DanFastenberg
SimoneReports,349967181,https://twitter.com/SimoneReports
MelissaKolpak,1412065033,https://twitter.com/MelissaKolpak
AngelaMHill,22454166,https://twitter.com/AngelaMHill
RudiBakhtiar,25315560,https://twitter.com/RudiBakhtiar
Noellecs,54582378,https://twitter.com/Noellecs
Manuel_Rapalo,182085874,https://twitter.com/Manuel_Rapalo
Ellen_weiss,56776309,https://twitter.com/Ellen_weiss
Yaro_RT,132482136,https://twitter.com/Yaro_RT
vstellaj,360673047,https://twitter.com/vstellaj
SharylAttkisson,203226736,https://twitter.com/SharylAttkisson
LQwiththeNew,866753547613995008,https://twitter.com/LQwiththeNew
brinaylor,102718971,https://twitter.com/brinaylor
svdate,807975026,https://twitter.com/svdate
thejohnpoole,8737052,https://twitter.com/thejohnpoole
_amita_,16458033,https://twitter.com/_amita_
theobalcomb,45860849,https://twitter.com/theobalcomb
chanceseales,21921150,https://twitter.com/chanceseales
robsteinnews,151205768,https://twitter.com/robsteinnews
willhuntsberry,280128698,https://twitter.com/willhuntsberry
brittanykamalei,42536486,https://twitter.com/brittanykamalei
DaviSusan,151444950,https://twitter.com/DaviSusan
geewaxnpr,15908898,https://twitter.com/geewaxnpr
RobertBenincasa,77028989,https://twitter.com/RobertBenincasa
NPRrelving,301750247,https://twitter.com/NPRrelving
nprAudie,31448660,https://twitter.com/nprAudie
brettneely,107207846,https://twitter.com/brettneely
jinaewest,2602156056,https://twitter.com/jinaewest
alikodjakNPR,16579911,https://twitter.com/alikodjakNPR
DomenicoNPR,20474813,https://twitter.com/DomenicoNPR
HorsleyScott,485083111,https://twitter.com/HorsleyScott
bgordemer,108317890,https://twitter.com/bgordemer
johnson_carrie,299877078,https://twitter.com/johnson_carrie
ggrayson,16222086,https://twitter.com/ggrayson
NPRMichel,22685638,https://twitter.com/NPRMichel
NPRmelissablock,293303534,https://twitter.com/NPRmelissablock
peteroverby,15753057,https://twitter.com/peteroverby
MCrizvi,3015900740,https://twitter.com/MCrizvi
JessicaTaylor,93876666,https://twitter.com/JessicaTaylor
pergam,6828802,https://twitter.com/pergam
jmsummers,11680962,https://twitter.com/jmsummers
tongscott,14489465,https://twitter.com/tongscott
GregClugstonDC,808489458681135104,https://twitter.com/GregClugstonDC
RealClearJohn,772541328,https://twitter.com/RealClearJohn
CarolineJames1,94587897,https://twitter.com/CarolineJames1
bowdenatsky,49961378,https://twitter.com/bowdenatsky
PaulJayTRNN,16316608,https://twitter.com/PaulJayTRNN
yeshitashi,108390954,https://twitter.com/yeshitashi
dordamjee,53123487,https://twitter.com/dordamjee
nataliewins1,412583449,https://twitter.com/nataliewins1
ThomasHedgesTRN,1359737228,https://twitter.com/ThomasHedgesTRN
jimhoward529,1246438250,https://twitter.com/jimhoward529
DominicWaghorn,91103484,https://twitter.com/DominicWaghorn
JBergal,2561575580,https://twitter.com/JBergal
Jessica_Reports,14537274,https://twitter.com/Jessica_Reports
GregMilamSky,24405752,https://twitter.com/GregMilamSky
espovich,19975672,https://twitter.com/espovich
christinevestal,79262286,https://twitter.com/christinevestal
GeoffRBennett,19502995,https://twitter.com/GeoffRBennett
ajchavar,17822855,https://twitter.com/ajchavar
Sarah_K_Brooks,20797842,https://twitter.com/Sarah_K_Brooks
EllenRatner,10102072,https://twitter.com/EllenRatner
serranonews,742033345,https://twitter.com/serranonews
timskynews,48004801,https://twitter.com/timskynews
teresawiltz,45160107,https://twitter.com/teresawiltz
Heejyang,271115678,https://twitter.com/Heejyang
EricJGarland,510651008,https://twitter.com/EricJGarland
lorimontenegro,60610799,https://twitter.com/lorimontenegro
xbunderwood,2456730858,https://twitter.com/xbunderwood
Arightside,59482886,https://twitter.com/Arightside
victoriajonesdc,45005446,https://twitter.com/victoriajonesdc
ninasaada,759174171247177728,https://twitter.com/ninasaada
Geneva_Sands,16248209,https://twitter.com/Geneva_Sands
PDockinsVOA,2810732122,https://twitter.com/PDockinsVOA
YuliaVOA,164708043,https://twitter.com/YuliaVOA
VMMacchi,342274679,https://twitter.com/VMMacchi
ariashe,18737768,https://twitter.com/ariashe
JMaloneVOA,444774270,https://twitter.com/JMaloneVOA
87films,16979745,https://twitter.com/87films
mozgovaya,18487710,https://twitter.com/mozgovaya
VOAVinceMakori,633068722,https://twitter.com/VOAVinceMakori
ArashArabasadi,280490386,https://twitter.com/ArashArabasadi
Emily_DeRuy,174093269,https://twitter.com/Emily_DeRuy
mitzimacias,69640204,https://twitter.com/mitzimacias
LoriLundin,838969009,https://twitter.com/LoriLundin
rlphrobinson,498224662,https://twitter.com/rlphrobinson
Carita18,19404971,https://twitter.com/Carita18
CGuensburg,190654426,https://twitter.com/CGuensburg
jprleroy28,635620958,https://twitter.com/jprleroy28
luism8989,133074740,https://twitter.com/luism8989
CarlaBabbVOA,16891240,https://twitter.com/CarlaBabbVOA
Shawna,1025521,https://twitter.com/Shawna
MBowmanVOA,2533025100,https://twitter.com/MBowmanVOA
yunisalim,86143269,https://twitter.com/yunisalim
BelloGaladanchi,31572812,https://twitter.com/BelloGaladanchi
StevenASpringer,16817311,https://twitter.com/StevenASpringer
aru_pande,762010286,https://twitter.com/aru_pande
rongxiang,140901881,https://twitter.com/rongxiang
AbdulazizOsman,391791427,https://twitter.com/AbdulazizOsman
lourdesmeluza,262800581,https://twitter.com/lourdesmeluza
carlstwitt,3014741,https://twitter.com/carlstwitt
kyatha,40420958,https://twitter.com/kyatha
bensharon,36380089,https://twitter.com/bensharon
kyaw_kt,39165354,https://twitter.com/kyaw_kt
FPizarro_DC,319689712,https://twitter.com/FPizarro_DC
washradio,1719198554,https://twitter.com/washradio
McKennaEwen,16382386,https://twitter.com/McKennaEwen
AnthonyJRivera,17874756,https://twitter.com/AnthonyJRivera
gbrockell,235664740,https://twitter.com/gbrockell
JCruzWSJ,4787966781,https://twitter.com/JCruzWSJ
Maddie_Marshall,72473481,https://twitter.com/Maddie_Marshall
Maureen10TV,22689414,https://twitter.com/Maureen10TV
aprilchunko,123942633,https://twitter.com/aprilchunko
quit1712,495363189,https://twitter.com/quit1712
ABC7Bri,185206779,https://twitter.com/ABC7Bri
Mynellies,36453852,https://twitter.com/Mynellies
EdwinPitti,53709616,https://twitter.com/EdwinPitti
dcnewsblues,23443084,https://twitter.com/dcnewsblues
ABC7Maureen,57072790,https://twitter.com/ABC7Maureen
ABC7Autria,161298188,https://twitter.com/ABC7Autria
CostantiniWW1,114015870,https://twitter.com/CostantiniWW1
ABC7John,63189965,https://twitter.com/ABC7John
ABC7Suzanne,30226183,https://twitter.com/ABC7Suzanne
ABC7Sam,54261520,https://twitter.com/ABC7Sam
jribas,15235581,https://twitter.com/jribas
Bruce_DePuyt,57656702,https://twitter.com/Bruce_DePuyt
AnnaMariaDP,159278421,https://twitter.com/AnnaMariaDP
KgriggsPhoto,2675596508,https://twitter.com/KgriggsPhoto
ABC7Brett,274114434,https://twitter.com/ABC7Brett
ABC7Mitch,844464884,https://twitter.com/ABC7Mitch
mrfire,14090931,https://twitter.com/mrfire
abc7jeffg,168738167,https://twitter.com/abc7jeffg
chrispapst,151506204,https://twitter.com/chrispapst
real_marioramos,14166677,https://twitter.com/real_marioramos
kellylamp,106159200,https://twitter.com/kellylamp
Liquidsolutions,102391228,https://twitter.com/Liquidsolutions
ScottThuman,21922229,https://twitter.com/ScottThuman
ABC7Holly,185883222,https://twitter.com/ABC7Holly
WREGSara,231205619,https://twitter.com/WREGSara
SweeneyABC,455824116,https://twitter.com/SweeneyABC
ABC7Suiters,96230455,https://twitter.com/ABC7Suiters
Mattr_Murray,28270653,https://twitter.com/Mattr_Murray
SWINTERSMITH,213396616,https://twitter.com/SWINTERSMITH
erika_news,219481669,https://twitter.com/erika_news
JGlickWNEW,2890077330,https://twitter.com/JGlickWNEW
NATASHACOPELAND,63734363,https://twitter.com/NATASHACOPELAND
eyezediting,36077613,https://twitter.com/eyezediting
MoletteGreen,334388427,https://twitter.com/MoletteGreen
LaurNBC,257623434,https://twitter.com/LaurNBC
KrisAnkarlo,900395971,https://twitter.com/KrisAnkarlo
nbcphotog35,429938737,https://twitter.com/nbcphotog35
gatormikenews,16100860,https://twitter.com/gatormikenews
RonLeidelmeyer,2252623176,https://twitter.com/RonLeidelmeyer
jackiebensen,273576271,https://twitter.com/jackiebensen
clawrencenbc,85282028,https://twitter.com/clawrencenbc
saratheproducer,31768589,https://twitter.com/saratheproducer
JaredGRuderman,388583060,https://twitter.com/JaredGRuderman
CamThompsonWNEW,315871629,https://twitter.com/CamThompsonWNEW
charlienbc,53474981,https://twitter.com/charlienbc
P_H_Leahigh,2324092602,https://twitter.com/P_H_Leahigh
nbcaaron,235216696,https://twitter.com/nbcaaron
tnsarge,24179720,https://twitter.com/tnsarge
KD8844,26886636,https://twitter.com/KD8844
DawsonRob,94144496,https://twitter.com/DawsonRob
MacFarlaneNews,20280088,https://twitter.com/MacFarlaneNews
gloriaminott,2453025128,https://twitter.com/gloriaminott
Fox5Kyle,16605494,https://twitter.com/Fox5Kyle
PattiNBC4,2587931953,https://twitter.com/PattiNBC4
NickWTOP,833812824,https://twitter.com/NickWTOP
bartonwtop,475110527,https://twitter.com/bartonwtop
austinreeves,71054946,https://twitter.com/austinreeves
amaxsmith,44951698,https://twitter.com/amaxsmith
JennVasquez_DC,321797990,https://twitter.com/JennVasquez_DC
McConnellWTOP,385438570,https://twitter.com/McConnellWTOP
AlexandraFox5DC,613491892,https://twitter.com/AlexandraFox5DC
TraceeWilkins,257508417,https://twitter.com/TraceeWilkins
mbaschWTOP,18742338,https://twitter.com/mbaschWTOP
jwpipes,2325837557,https://twitter.com/jwpipes
DaveFox5DC,1897708044,https://twitter.com/DaveFox5DC
darcyspencer,176417261,https://twitter.com/darcyspencer
BrianOliger,17902722,https://twitter.com/BrianOliger
TonyPerkinsFOX5,1928468941,https://twitter.com/TonyPerkinsFOX5
tomsherwood,49793110,https://twitter.com/tomsherwood
KStewartWTOP,19666071,https://twitter.com/KStewartWTOP
newsoutoffocus,1469733152,https://twitter.com/newsoutoffocus
jamieforzato,24903546,https://twitter.com/jamieforzato
HollyLiveFox5DC,1725864385,https://twitter.com/HollyLiveFox5DC
stevechenevey,108080788,https://twitter.com/stevechenevey
AugensteinWTOP,18732606,https://twitter.com/AugensteinWTOP
mmasecchia,24168646,https://twitter.com/mmasecchia
DerrickWard4,265969984,https://twitter.com/DerrickWard4
JSonnheim,103961877,https://twitter.com/JSonnheim
fox5melanie,263964491,https://twitter.com/fox5melanie
JFrayWTOP,414818069,https://twitter.com/JFrayWTOP
mmillerwtop,476041491,https://twitter.com/mmillerwtop
ricknbc,380355731,https://twitter.com/ricknbc
DickUliano,211875645,https://twitter.com/DickUliano
willcockey,3316761453,https://twitter.com/willcockey
Fox5TerriT,1927446103,https://twitter.com/Fox5TerriT
JoanieVas,104584070,https://twitter.com/JoanieVas
MolaReports,825763346,https://twitter.com/MolaReports
hbwx,63149389,https://twitter.com/hbwx
AndreaMcCarren,243470492,https://twitter.com/AndreaMcCarren
brucejohnson9,54891614,https://twitter.com/brucejohnson9
HankSilverberg,205360834,https://twitter.com/HankSilverberg
BlairWheelerTV,33910029,https://twitter.com/BlairWheelerTV
obedienttither,45787554,https://twitter.com/obedienttither
SteveWmsFox5,17103960,https://twitter.com/SteveWmsFox5
RamirezReports,347404913,https://twitter.com/RamirezReports
PeggyTV,16062247,https://twitter.com/PeggyTV
mikehydeck,175384910,https://twitter.com/mikehydeck
erinwusa9,823772672,https://twitter.com/erinwusa9
wendybbailey,413255861,https://twitter.com/wendybbailey
KristenBerset,15523344,https://twitter.com/KristenBerset
IleanaMDiaz,14655023,https://twitter.com/IleanaMDiaz
ariellebuchmann,267548482,https://twitter.com/ariellebuchmann
fuhrball77,617642446,https://twitter.com/fuhrball77
janjeffcoat,24167813,https://twitter.com/janjeffcoat
jaymishkin,18606607,https://twitter.com/jaymishkin
scottbroom,17115027,https://twitter.com/scottbroom
AnnieYuFox5,18947832,https://twitter.com/AnnieYuFox5
abuddy,18794402,https://twitter.com/abuddy
_CamilleMoore_,1128383054,https://twitter.com/_CamilleMoore_
Ciscovaras,72965732,https://twitter.com/Ciscovaras
nleimbach,425991990,https://twitter.com/nleimbach
deliangoncalves,139856067,https://twitter.com/deliangoncalves
eriklee136,187963645,https://twitter.com/eriklee136
RussPtacek,196336073,https://twitter.com/RussPtacek
BruceLeshan,23773209,https://twitter.com/BruceLeshan
SWilsonProducer,16192862,https://twitter.com/SWilsonProducer
leslifoster,16223917,https://twitter.com/leslifoster
mcgintyman,16246426,https://twitter.com/mcgintyman
metainthenews,161307835,https://twitter.com/metainthenews
J_Policastro,49187334,https://twitter.com/J_Policastro
ChrisJansing,238259855,https://twitter.com/ChrisJansing
Ed_Demaria,234879892,https://twitter.com/Ed_Demaria
GirishJuneja,22312576,https://twitter.com/GirishJuneja
rahulbali,19197977,https://twitter.com/rahulbali
AmandaLeeHouse,271160889,https://twitter.com/AmandaLeeHouse
csanvido,1206440155,https://twitter.com/csanvido
ChasePipkin,292663862,https://twitter.com/ChasePipkin
NikolenDC,76601805,https://twitter.com/NikolenDC
noreensnasir,46991350,https://twitter.com/noreensnasir
PeterZampa,1869598704,https://twitter.com/PeterZampa
RickBooneNews,51256844,https://twitter.com/RickBooneNews
SuzGamboa,15919256,https://twitter.com/SuzGamboa
emcmanamon,31322855,https://twitter.com/emcmanamon
NosyNewser,198503505,https://twitter.com/NosyNewser
mmurraypolitics,92079350,https://twitter.com/mmurraypolitics
brittemorris,182118984,https://twitter.com/brittemorris
elysepg,18992816,https://twitter.com/elysepg
SuzyKhimm,18174520,https://twitter.com/SuzyKhimm
ashleyebrown44,49792913,https://twitter.com/ashleyebrown44
SarahBakerNBC,448295627,https://twitter.com/SarahBakerNBC
mcho24,261763904,https://twitter.com/mcho24
VaughnHillyard,68611923,https://twitter.com/VaughnHillyard
liciahesse,278854387,https://twitter.com/liciahesse
JenniferDavisDC,78716595,https://twitter.com/JenniferDavisDC
NeilWMcCabe,304988603,https://twitter.com/NeilWMcCabe
CalNBC,17348735,https://twitter.com/CalNBC
maggiemfox,19164430,https://twitter.com/maggiemfox
KathHL,104647040,https://twitter.com/KathHL
LACaldwellDC,56552341,https://twitter.com/LACaldwellDC
tomcostellonbc,140863851,https://twitter.com/tomcostellonbc
HardballChris,48802204,https://twitter.com/HardballChris
amollenbeckKFI,16583685,https://twitter.com/amollenbeckKFI
jordanjfrasier,15606793,https://twitter.com/jordanjfrasier
AixaHearstTV,491421325,https://twitter.com/AixaHearstTV
shlemon,39901267,https://twitter.com/shlemon
steve_doty,29260421,https://twitter.com/steve_doty
gregmartin18,19222383,https://twitter.com/gregmartin18
AndrewNBCNews,24464743,https://twitter.com/AndrewNBCNews
scottwfoster,120202126,https://twitter.com/scottwfoster
kimspencer,15266255,https://twitter.com/kimspencer
AlexMillerNews,228474571,https://twitter.com/AlexMillerNews
Rachel_Fazio,608425107,https://twitter.com/Rachel_Fazio
D_Polichick,132992832,https://twitter.com/D_Polichick
SloanDickey,105187215,https://twitter.com/SloanDickey
AlexNBCNews,163995093,https://twitter.com/AlexNBCNews
harry_horton,140144781,https://twitter.com/harry_horton
JoeLordJones1,483033468,https://twitter.com/JoeLordJones1
brookebrower,46662081,https://twitter.com/brookebrower
PGWinDC,347191759,https://twitter.com/PGWinDC
nmcucchiara,116767240,https://twitter.com/nmcucchiara
LMcDevitt,74730294,https://twitter.com/LMcDevitt
perrybaconjr,20815668,https://twitter.com/perrybaconjr
AlexYoder,16408708,https://twitter.com/AlexYoder
MichaelLaRosaDC,269314519,https://twitter.com/MichaelLaRosaDC
MKhan47,24844300,https://twitter.com/MKhan47
GarrettHaake,47991586,https://twitter.com/GarrettHaake
jade_liversidge,397421657,https://twitter.com/jade_liversidge
evangdixon,25102326,https://twitter.com/evangdixon
ckubeNBC,48795600,https://twitter.com/ckubeNBC
PeterAlexander,91386979,https://twitter.com/PeterAlexander
EmilyMiller,21434408,https://twitter.com/EmilyMiller
LetsGoLos,33141117,https://twitter.com/LetsGoLos
sarahblackwill,20539024,https://twitter.com/sarahblackwill
HornMultimedia,125100680,https://twitter.com/HornMultimedia
staceypklein,2372364212,https://twitter.com/staceypklein
kristindonnelly,28713695,https://twitter.com/kristindonnelly
Curious_Kurz,325277943,https://twitter.com/Curious_Kurz
lauraevans_DC,17059095,https://twitter.com/lauraevans_DC
journalistabex,29077144,https://twitter.com/journalistabex
KellieMeyerNews,1286925638,https://twitter.com/KellieMeyerNews
ellisonbarber,808840952,https://twitter.com/ellisonbarber
glguray,864802640,https://twitter.com/glguray
nell_sci_NPR,20529914,https://twitter.com/nell_sci_NPR
photojeskos,141070024,https://twitter.com/photojeskos
Abs_NBC,10476272,https://twitter.com/Abs_NBC
katcaperton,1095160518,https://twitter.com/katcaperton
mikewfritz,423667118,https://twitter.com/mikewfritz
SamSacks,293750918,https://twitter.com/SamSacks
elizsummers,216777407,https://twitter.com/elizsummers
LauraSullivaNPR,19727255,https://twitter.com/LauraSullivaNPR
stevenphillips,16978736,https://twitter.com/stevenphillips
NPRGreg,1685886054,https://twitter.com/NPRGreg
TabethaWatching,10162772,https://twitter.com/TabethaWatching
JSkl,18623139,https://twitter.com/JSkl
DanSagalyn,257514358,https://twitter.com/DanSagalyn
newyscruggs,174491217,https://twitter.com/newyscruggs
Meerakat,16251475,https://twitter.com/Meerakat
aseitzwald,82167518,https://twitter.com/aseitzwald
MaraLiasson,875580120,https://twitter.com/MaraLiasson
WardDPatrick,3353220134,https://twitter.com/WardDPatrick
ecarpeaux,913650914,https://twitter.com/ecarpeaux
Param31,18392798,https://twitter.com/Param31
ManilaChan,22000269,https://twitter.com/ManilaChan
andreacambron,191938502,https://twitter.com/andreacambron
HayleyTurner1,592187521,https://twitter.com/HayleyTurner1
dwelna,121479718,https://twitter.com/dwelna
bridgetmulc,1468256168,https://twitter.com/bridgetmulc
BenjySarlin,16006592,https://twitter.com/BenjySarlin
nadinealfa,2687637696,https://twitter.com/nadinealfa
stephaniekotuby,32673051,https://twitter.com/stephaniekotuby
svop18,62811244,https://twitter.com/svop18
shirleyhenrydc,41196210,https://twitter.com/shirleyhenrydc
nbctracie,30295180,https://twitter.com/nbctracie
colesdavid,270401962,https://twitter.com/colesdavid
DonGonyea,61285110,https://twitter.com/DonGonyea
rachelwellford,211636625,https://twitter.com/rachelwellford
MarshallGenzer,285203010,https://twitter.com/MarshallGenzer
mtill50,1055956286,https://twitter.com/mtill50
JaredRizzi,19576571,https://twitter.com/JaredRizzi
PamelaKirkland,29455548,https://twitter.com/PamelaKirkland
JasoKane,308148436,https://twitter.com/JasoKane
jmckellogg,86776199,https://twitter.com/jmckellogg
kwelkernbc,297532865,https://twitter.com/kwelkernbc
GuilleLATAM,1197797378,https://twitter.com/GuilleLATAM
grandcanyonjeff,2674770602,https://twitter.com/grandcanyonjeff
KenStricklandDC,150110556,https://twitter.com/KenStricklandDC
marcgeorges,73046281,https://twitter.com/marcgeorges
rrichardh,172774474,https://twitter.com/rrichardh
NPRnie,95573246,https://twitter.com/NPRnie
EvaCStone,813303104,https://twitter.com/EvaCStone
TyrelWatching,3094004952,https://twitter.com/TyrelWatching
brakktonbooker,575705670,https://twitter.com/brakktonbooker
LucasFoxNews,1176004076,https://twitter.com/LucasFoxNews
ManaRabiee,17128704,https://twitter.com/ManaRabiee
1Gal_N_DC,228708154,https://twitter.com/1Gal_N_DC
ChrisStirewalt,16097702,https://twitter.com/ChrisStirewalt
__Quentin__,28546320,https://twitter.com/__Quentin__
KerrNewsNow,37983433,https://twitter.com/KerrNewsNow
pamelafessler,2484564181,https://twitter.com/pamelafessler
joesbigidea,14410756,https://twitter.com/joesbigidea
MargaretWarner,122505050,https://twitter.com/MargaretWarner
BonHommeWestfal,213851713,https://twitter.com/BonHommeWestfal
bkovoDC,108726910,https://twitter.com/bkovoDC
nprDanCharles,427059614,https://twitter.com/nprDanCharles
frankthorp,14007532,https://twitter.com/frankthorp
JordanVesey,983581519,https://twitter.com/JordanVesey
rachel_witkin,313080999,https://twitter.com/rachel_witkin
Jane_Reuters,113409534,https://twitter.com/Jane_Reuters
LeeCamp,19580890,https://twitter.com/LeeCamp
RadioBabe,11469852,https://twitter.com/RadioBabe
MeghanjSims,740649630,https://twitter.com/MeghanjSims
CydneyWeiner,152050134,https://twitter.com/CydneyWeiner
WalkerSkyNews,207397804,https://twitter.com/WalkerSkyNews
LindsayFrance,76166586,https://twitter.com/LindsayFrance
natsfert,27481883,https://twitter.com/natsfert
kararowland,18873711,https://twitter.com/kararowland
LisaDNews,114050808,https://twitter.com/LisaDNews
RSiegel47,248820522,https://twitter.com/RSiegel47
bptracey,125187129,https://twitter.com/bptracey
KaiJacksonFox45,2953665201,https://twitter.com/KaiJacksonFox45
rquester,360071347,https://twitter.com/rquester
cwordock,139772126,https://twitter.com/cwordock
ncvetnic,3362533095,https://twitter.com/ncvetnic
jaywonchoe,205904275,https://twitter.com/jaywonchoe
alexhschuman,1845526555,https://twitter.com/alexhschuman
Garrett_FoxNews,350426737,https://twitter.com/Garrett_FoxNews
KatyRicalde,213368745,https://twitter.com/KatyRicalde
MorningBriefing,16261445,https://twitter.com/MorningBriefing
AmeeraDavid,33451168,https://twitter.com/AmeeraDavid
KimLawtonRandE,400294183,https://twitter.com/KimLawtonRandE
NinaTotenberg,76715323,https://twitter.com/NinaTotenberg
patrickferrise,319833947,https://twitter.com/patrickferrise
fischerkatie,96741013,https://twitter.com/fischerkatie
JeffBarnd,1151380410,https://twitter.com/JeffBarnd
markpmeredith,54065433,https://twitter.com/markpmeredith
frankncarlson,15814757,https://twitter.com/frankncarlson
TheRealJFOD,77630385,https://twitter.com/TheRealJFOD
Matt_Ozug,280630448,https://twitter.com/Matt_Ozug
TaleshaNow,26109055,https://twitter.com/TaleshaNow
tamerlag,81758473,https://twitter.com/tamerlag
Josh_Barrage,111423859,https://twitter.com/Josh_Barrage
meghankwelsh,16026911,https://twitter.com/meghankwelsh
asilverman,15180772,https://twitter.com/asilverman
michelekelemen,116870616,https://twitter.com/michelekelemen
jackienortham,159217087,https://twitter.com/jackienortham
RebeccaBeitsch,70512637,https://twitter.com/RebeccaBeitsch
ailsachang,12811862,https://twitter.com/ailsachang
chucktodd,50325797,https://twitter.com/chucktodd
AnjKhem,449027230,https://twitter.com/AnjKhem
PFBullock,108605799,https://twitter.com/PFBullock
juliepercha,96074197,https://twitter.com/juliepercha
JudyWoodruff,48144950,https://twitter.com/JudyWoodruff
AmyWehinger,787429538,https://twitter.com/AmyWehinger
tamarakeithNPR,15483390,https://twitter.com/tamarakeithNPR
walterwhitley,182080987,https://twitter.com/walterwhitley
sheerinjude,192209368,https://twitter.com/sheerinjude
JohnMechamRT,300507338,https://twitter.com/JohnMechamRT
codysnell,184951471,https://twitter.com/codysnell
LSanfuentes,236799614,https://twitter.com/LSanfuentes
kcwassman,230768222,https://twitter.com/kcwassman
VideoChump,40958779,https://twitter.com/VideoChump
videojrnlst,13504902,https://twitter.com/videojrnlst
ascritch,250686344,https://twitter.com/ascritch
juliemason,6904552,https://twitter.com/juliemason
PBVogel,52393892,https://twitter.com/PBVogel
rivera,7274772,https://twitter.com/rivera
joelwaldmanFOX,394234511,https://twitter.com/joelwaldmanFOX
sarajust,18495954,https://twitter.com/sarajust
ColetteLuke,874734542,https://twitter.com/ColetteLuke
jimosman,20264590,https://twitter.com/jimosman
GiddyUpJon,252744672,https://twitter.com/GiddyUpJon
quinnbowman,14427403,https://twitter.com/quinnbowman
jforsythe23,395295796,https://twitter.com/jforsythe23
svitorovich,102680612,https://twitter.com/svitorovich
gbrumfiel,24876649,https://twitter.com/gbrumfiel
LelandVittert,21010253,https://twitter.com/LelandVittert
aluminumfalco,1096959422,https://twitter.com/aluminumfalco
wleaming,17379292,https://twitter.com/wleaming
MarksCarole,2301691683,https://twitter.com/MarksCarole
kimsenginaction,81606160,https://twitter.com/kimsenginaction
HenokFente,89323552,https://twitter.com/HenokFente
dianalogreira,108988789,https://twitter.com/dianalogreira
WordsOfSarah,65535700,https://twitter.com/WordsOfSarah
CarolynVOA,388543931,https://twitter.com/CarolynVOA
kgyp,34737729,https://twitter.com/kgyp
ChadPergram,16187637,https://twitter.com/ChadPergram
RoseanneGerin,1331888130,https://twitter.com/RoseanneGerin
kentsklein,122398961,https://twitter.com/kentsklein
KristineFrazao,15975951,https://twitter.com/KristineFrazao
Michael_Ollove,18319544,https://twitter.com/Michael_Ollove
ShannonRaeGreen,17049663,https://twitter.com/ShannonRaeGreen
VOAHilleary,257592414,https://twitter.com/VOAHilleary
miacbush,733772748,https://twitter.com/miacbush
BonnieErbe,468753712,https://twitter.com/BonnieErbe
Mike_Eckel,219189088,https://twitter.com/Mike_Eckel
rchoto,36756389,https://twitter.com/rchoto
GuofuYang,2375901116,https://twitter.com/GuofuYang
TimHendersonSL,2494771993,https://twitter.com/TimHendersonSL
PinaultNicolas,1690569474,https://twitter.com/PinaultNicolas
MGongadze,132737162,https://twitter.com/MGongadze
mollyhooper,19216998,https://twitter.com/mollyhooper
judemarfil,34260735,https://twitter.com/judemarfil
CarolCastielVOA,171215104,https://twitter.com/CarolCastielVOA
jonquilynhill,275778448,https://twitter.com/jonquilynhill
wesjonesDC,172235658,https://twitter.com/wesjonesDC
LuisVOA,487720782,https://twitter.com/LuisVOA
utamihussin,247590747,https://twitter.com/utamihussin
justaliceli,307469596,https://twitter.com/justaliceli
LisaRuhl,21495954,https://twitter.com/LisaRuhl
masalinasVOA,3000497104,https://twitter.com/masalinasVOA
Manzarpour,48069413,https://twitter.com/Manzarpour
NKMESSENGER,258194985,https://twitter.com/NKMESSENGER
GeraldFSeib,18915795,https://twitter.com/GeraldFSeib
cindysaine,525419131,https://twitter.com/cindysaine
jseldin,583821006,https://twitter.com/jseldin
JulianaMons,397373712,https://twitter.com/JulianaMons
jorgecontreras,35544970,https://twitter.com/jorgecontreras
Peterclottey,460719183,https://twitter.com/Peterclottey
tedhesson,25294855,https://twitter.com/tedhesson
sdehghanpour,49128639,https://twitter.com/sdehghanpour
avedam,317703752,https://twitter.com/avedam
loreelew,879591559,https://twitter.com/loreelew
TetianaV,42937478,https://twitter.com/TetianaV
jayneore,20811261,https://twitter.com/jayneore
mazrieva,134646416,https://twitter.com/mazrieva
AlexvWESH,284107865,https://twitter.com/AlexvWESH
SarahBreit,25026217,https://twitter.com/SarahBreit
brianmka,54760633,https://twitter.com/brianmka
Sasha_Gong,486782537,https://twitter.com/Sasha_Gong
thisisamericatv,851563304,https://twitter.com/thisisamericatv
jeromesoco,240883847,https://twitter.com/jeromesoco
stevebaragona,35068637,https://twitter.com/stevebaragona
GuitaVOA,252135395,https://twitter.com/GuitaVOA
sgreenberger,1198644368,https://twitter.com/sgreenberger
jasonaldag,115554920,https://twitter.com/jasonaldag
thecourier,16051714,https://twitter.com/thecourier
pablogatoDC,205414843,https://twitter.com/pablogatoDC
ClaudiaUceda,32985112,https://twitter.com/ClaudiaUceda
Enrique_Acevedo,44000905,https://twitter.com/Enrique_Acevedo
ABC7Stephen,57074215,https://twitter.com/ABC7Stephen
leepowellTV,41129876,https://twitter.com/leepowellTV
AlisonStarling7,787969735,https://twitter.com/AlisonStarling7
kylacalvert,22425874,https://twitter.com/kylacalvert
ABC7Jay,63191700,https://twitter.com/ABC7Jay
NC8Dave,17322401,https://twitter.com/NC8Dave
traceymadigan,28562615,https://twitter.com/traceymadigan
abc7Richard,447625080,https://twitter.com/abc7Richard
whitneyshefte,14375789,https://twitter.com/whitneyshefte
ABC7Brad,57071314,https://twitter.com/ABC7Brad
jmdefeo,21026927,https://twitter.com/jmdefeo
MeganRowls,3154876841,https://twitter.com/MeganRowls
nestorbravoc,190339588,https://twitter.com/nestorbravoc
6abcJeannette,637052996,https://twitter.com/6abcJeannette
ABC7Horace,63190717,https://twitter.com/ABC7Horace
SilvanaQuirozDC,450654201,https://twitter.com/SilvanaQuirozDC
ABC7Mike,22422168,https://twitter.com/ABC7Mike
DianeWCVB,300204927,https://twitter.com/DianeWCVB
ABC7Kevin,41312893,https://twitter.com/ABC7Kevin
Randolph_Smith_,18068780,https://twitter.com/Randolph_Smith_
JamesScott2,15597976,https://twitter.com/JamesScott2
NatashaRudnick,52323164,https://twitter.com/NatashaRudnick
ProducerSass,252703085,https://twitter.com/ProducerSass
kwrightnbc4,1166242050,https://twitter.com/kwrightnbc4
ldemarcofox5,303394187,https://twitter.com/ldemarcofox5
LlewellynKing2,2789298739,https://twitter.com/LlewellynKing2
RealLeonHarris,2375549899,https://twitter.com/RealLeonHarris
tomrousseyABC7,130971502,https://twitter.com/tomrousseyABC7
TsitsikiFelix,622412749,https://twitter.com/TsitsikiFelix
sarasuarezv22,1157584921,https://twitter.com/sarasuarezv22
marcelarnews,2515367536,https://twitter.com/marcelarnews
nbcmatt,84311498,https://twitter.com/nbcmatt
CameraCrazyFox5,2434734717,https://twitter.com/CameraCrazyFox5
nhageradio,17113349,https://twitter.com/nhageradio
bhaseltonWTOP,132552684,https://twitter.com/bhaseltonWTOP
milynnde,107200605,https://twitter.com/milynnde
FitzFox5DC,1181134878,https://twitter.com/FitzFox5DC
EdeJermin,562474320,https://twitter.com/EdeJermin
DJFoleyWTOP,3308309151,https://twitter.com/DJFoleyWTOP
OhMyGOFF,15219854,https://twitter.com/OhMyGOFF
FishCamFOXDC,3437497707,https://twitter.com/FishCamFOXDC
NBCJason,219386702,https://twitter.com/NBCJason
ztkiesch,381521345,https://twitter.com/ztkiesch
patcollins4,94093747,https://twitter.com/patcollins4
MeganMcGrath4,257069028,https://twitter.com/MeganMcGrath4
KateRyanWTOP,18734076,https://twitter.com/KateRyanWTOP
JimHandly,252681042,https://twitter.com/JimHandly
bbeyer7353,76066744,https://twitter.com/bbeyer7353
BrettHNews,336004914,https://twitter.com/BrettHNews
shomaristone,264924050,https://twitter.com/shomaristone
JohnAaronWTOP,179478740,https://twitter.com/JohnAaronWTOP
JournalistNikki,83200882,https://twitter.com/JournalistNikki
DMarcheseWTOP,211582600,https://twitter.com/DMarcheseWTOP
SegravesNBC4,19198755,https://twitter.com/SegravesNBC4
MikeMurilloWTOP,36918479,https://twitter.com/MikeMurilloWTOP
PatCorcorFOX5DC,56469385,https://twitter.com/PatCorcorFOX5DC
cmartinez400,77832056,https://twitter.com/cmartinez400
kelvin_robinson,26648594,https://twitter.com/kelvin_robinson
markastephens,21034829,https://twitter.com/markastephens
barnardfox5dc,48937174,https://twitter.com/barnardfox5dc
JulieCareyNBC,322830431,https://twitter.com/JulieCareyNBC
amorris991,17241440,https://twitter.com/amorris991
gmanboogie,173476336,https://twitter.com/gmanboogie
Sarah_M_Jacobs,622980472,https://twitter.com/Sarah_M_Jacobs
tarikwarner,1469787481,https://twitter.com/tarikwarner
CaseyNBC,256563903,https://twitter.com/CaseyNBC
Brollpatrol,1469697144,https://twitter.com/Brollpatrol
chashenrynews,2864876597,https://twitter.com/chashenrynews
mattacklandfox5,16877032,https://twitter.com/mattacklandfox5
LarryBullard39,1288205348,https://twitter.com/LarryBullard39
SimmonsFox5,19145536,https://twitter.com/SimmonsFox5
eunyangnbc,233933608,https://twitter.com/eunyangnbc
MeaganNBCDC,451231386,https://twitter.com/MeaganNBCDC
MColeau,1662427441,https://twitter.com/MColeau
rnania,21965274,https://twitter.com/rnania
ClohertyWTOP,16034316,https://twitter.com/ClohertyWTOP
melissamollet,260275260,https://twitter.com/melissamollet
Aiacone,154934260,https://twitter.com/Aiacone
KRCOOPER,21820908,https://twitter.com/KRCOOPER
nelsonjwttg5,1954509632,https://twitter.com/nelsonjwttg5
David_Culver,52612881,https://twitter.com/David_Culver
MelanieNews8,562929500,https://twitter.com/MelanieNews8
JJGreenWTOP,336076781,https://twitter.com/JJGreenWTOP
WisdomFOX5,194375797,https://twitter.com/WisdomFOX5
HeatherMCurtis1,459895889,https://twitter.com/HeatherMCurtis1
RonnieMcCrayJr,32878795,https://twitter.com/RonnieMcCrayJr
AdamTuss,18722097,https://twitter.com/AdamTuss
TeneilleGibson,25117051,https://twitter.com/TeneilleGibson
StvBurns,52490295,https://twitter.com/StvBurns
JDDsays,27584242,https://twitter.com/JDDsays
DougRohrbeck,468615950,https://twitter.com/DougRohrbeck
JamesRosenTV,48029066,https://twitter.com/JamesRosenTV
jgrovum,16115811,https://twitter.com/jgrovum
Jduckham,47960407,https://twitter.com/Jduckham
julesvideo,23591244,https://twitter.com/julesvideo
joandeluca,919914685,https://twitter.com/joandeluca
Kalden2017,829366924891009025,https://twitter.com/Kalden2017
emilyakopp,303434772,https://twitter.com/emilyakopp
DJAliMeyer,223732445,https://twitter.com/DJAliMeyer
DougLuzader,34394460,https://twitter.com/DougLuzader
frates,16698389,https://twitter.com/frates
Aleksander_Lee,3172410434,https://twitter.com/Aleksander_Lee
PAnastasi,28142795,https://twitter.com/PAnastasi
melimacaya,189726903,https://twitter.com/melimacaya
mattyhoyeCNN,18778634,https://twitter.com/mattyhoyeCNN
danmericaCNN,36890646,https://twitter.com/danmericaCNN
EricMarrapodi,28397634,https://twitter.com/EricMarrapodi
tomlobianco,17466186,https://twitter.com/tomlobianco
BarinM,274212554,https://twitter.com/BarinM
amirpayam,47010947,https://twitter.com/amirpayam
GeeWotshela,192909885,https://twitter.com/GeeWotshela
gretabrawner,15839947,https://twitter.com/gretabrawner
BBCBarbaraPlett,125656811,https://twitter.com/BBCBarbaraPlett
shogustus,329719319,https://twitter.com/shogustus
awzurcher,52573702,https://twitter.com/awzurcher
brajup,36725454,https://twitter.com/brajup
BBCRajiniV,240879503,https://twitter.com/BBCRajiniV
CraigCaplan,317980134,https://twitter.com/CraigCaplan
cspanJeremy,183667282,https://twitter.com/cspanJeremy
LauraTrevelyan,125182878,https://twitter.com/LauraTrevelyan
BBCJonSopel,130104942,https://twitter.com/BBCJonSopel
SASvoboda,246216987,https://twitter.com/SASvoboda
Garneygary,1725241710,https://twitter.com/Garneygary
MarthaRaddatz,30249306,https://twitter.com/MarthaRaddatz
daniahy,251282331,https://twitter.com/daniahy
tracybrown_dc,48481809,https://twitter.com/tracybrown_dc
BBCKimGhattas,44638576,https://twitter.com/BBCKimGhattas
shihab_rattansi,21657801,https://twitter.com/shihab_rattansi
gclarenne,44090800,https://twitter.com/gclarenne
AtallahAmjad,289037143,https://twitter.com/AtallahAmjad
steveturnham,2205363357,https://twitter.com/steveturnham
Maya_Garg,1110221918,https://twitter.com/Maya_Garg
TARANEILL,175076396,https://twitter.com/TARANEILL
johnhendren,48075214,https://twitter.com/johnhendren
OWGabriel2,1481661127,https://twitter.com/OWGabriel2
rBumstedAP,88785489,https://twitter.com/rBumstedAP
HadiNili,175330919,https://twitter.com/HadiNili
dmatmorrison,128663336,https://twitter.com/dmatmorrison
matzamax,28214518,https://twitter.com/matzamax
trowynt,132517191,https://twitter.com/trowynt
BBCBlindGazza,56565843,https://twitter.com/BBCBlindGazza
jparkABC,26596727,https://twitter.com/jparkABC
Sheila_MacVicar,1687026697,https://twitter.com/Sheila_MacVicar
DwyerShapiro,466663726,https://twitter.com/DwyerShapiro
telecamfilms,225843318,https://twitter.com/telecamfilms
ChrisSheridan34,485842327,https://twitter.com/ChrisSheridan34
KianpourWorld,17763819,https://twitter.com/KianpourWorld
whitney_hurst,309670240,https://twitter.com/whitney_hurst
Tara_Mckelvey,902971052,https://twitter.com/Tara_Mckelvey
hamiltja,15764903,https://twitter.com/hamiltja
KateAFarrell,1013785220,https://twitter.com/KateAFarrell
marwanbishara,458234232,https://twitter.com/marwanbishara
matmountain,47467960,https://twitter.com/matmountain
KimberlyHalkett,22006244,https://twitter.com/KimberlyHalkett
MathewFriedman,15909423,https://twitter.com/MathewFriedman
taylorkatebrown,14578230,https://twitter.com/taylorkatebrown
LMartinezABC,20267484,https://twitter.com/LMartinezABC
YoungRJeremy,238204655,https://twitter.com/YoungRJeremy
ProducedbyRita,3217279655,https://twitter.com/ProducedbyRita
KatharynGillam,270900012,https://twitter.com/KatharynGillam
lynsea,16030469,https://twitter.com/lynsea
katedailey,16099513,https://twitter.com/katedailey
kateashaw1,43469833,https://twitter.com/kateashaw1
joshrushing,19498721,https://twitter.com/joshrushing
LoomansAP,257083809,https://twitter.com/LoomansAP
sarahkolinovsky,32964877,https://twitter.com/sarahkolinovsky
WM_BBC,1247573930,https://twitter.com/WM_BBC
AJOThomas,28864271,https://twitter.com/AJOThomas
kellydaschle,109315470,https://twitter.com/kellydaschle
KennethMoton,282609416,https://twitter.com/KennethMoton
BenBevington,518166437,https://twitter.com/BenBevington
franzstrasser,12491732,https://twitter.com/franzstrasser
pdanahar,311989458,https://twitter.com/pdanahar
mikeviqueira,118188665,https://twitter.com/mikeviqueira
padmananda,19049530,https://twitter.com/padmananda
KattyKayBBC,43996908,https://twitter.com/KattyKayBBC
alex_mallin,384335594,https://twitter.com/alex_mallin
karentravers,48038024,https://twitter.com/karentravers
zuleqa,19414637,https://twitter.com/zuleqa
svohra,17046038,https://twitter.com/svohra
Ilonavon,1051255058,https://twitter.com/Ilonavon
KaviChek,91471584,https://twitter.com/KaviChek
kkiang,10466802,https://twitter.com/kkiang
JasonDornAP,23305057,https://twitter.com/JasonDornAP
JordynPhelps,78397856,https://twitter.com/JordynPhelps
GarciaJon,130267706,https://twitter.com/GarciaJon
MartiJohnson,17975055,https://twitter.com/MartiJohnson
tom_geoghegan,247729807,https://twitter.com/tom_geoghegan
AshleySemlerBBC,42854489,https://twitter.com/AshleySemlerBBC
nicomaounis,112223837,https://twitter.com/nicomaounis
David_Kerley,36696370,https://twitter.com/David_Kerley
kdhirten,111121582,https://twitter.com/kdhirten
AleemMaqbool,135162675,https://twitter.com/AleemMaqbool
audreytaylor2,21773212,https://twitter.com/audreytaylor2
Tiffani_Davis,23522532,https://twitter.com/Tiffani_Davis
HowardN1DC,412538089,https://twitter.com/HowardN1DC
nicolegrether,21707346,https://twitter.com/nicolegrether
fgfaerber,138465415,https://twitter.com/fgfaerber
RADIOEDD,82148377,https://twitter.com/RADIOEDD
GeorgeDSanchez,14247783,https://twitter.com/GeorgeDSanchez
colmonews,399730564,https://twitter.com/colmonews
BBCSamFarzaneh,920855820,https://twitter.com/BBCSamFarzaneh
anarvirji,34305464,https://twitter.com/anarvirji
WRatliffAP,15372845,https://twitter.com/WRatliffAP
LailaAlarian,18989685,https://twitter.com/LailaAlarian
edenaregay,195139274,https://twitter.com/edenaregay
RosJordanAJE,209787354,https://twitter.com/RosJordanAJE
BBCMehrnoush,925764475,https://twitter.com/BBCMehrnoush
FaisalAlkadiri,296416564,https://twitter.com/FaisalAlkadiri
devindwyer,18993104,https://twitter.com/devindwyer
Lhartzenbusch,64632598,https://twitter.com/Lhartzenbusch
mjahanna,31397174,https://twitter.com/mjahanna
erindooley,238252964,https://twitter.com/erindooley
ajdukakis,45128645,https://twitter.com/ajdukakis
TimBella,18804789,https://twitter.com/TimBella
RandallPinkston,1113035743,https://twitter.com/RandallPinkston
dougmckelway,251105718,https://twitter.com/dougmckelway
Karl_de_Vries,247832362,https://twitter.com/Karl_de_Vries
pdicarlocnn,22675685,https://twitter.com/pdicarlocnn
laurabernardini,106565465,https://twitter.com/laurabernardini
TeddyDavisCNN,371889510,https://twitter.com/TeddyDavisCNN
ericbradner,54322823,https://twitter.com/ericbradner
karincaifaCNN,108806652,https://twitter.com/karincaifaCNN
KevinBohnCNN,128659076,https://twitter.com/KevinBohnCNN
ACrutchfield14,517633752,https://twitter.com/ACrutchfield14
StCollinson,17897395,https://twitter.com/StCollinson
WesleyBruer,266391425,https://twitter.com/WesleyBruer
MarinaReports,1198730922,https://twitter.com/MarinaReports
WJCadigan,472270797,https://twitter.com/WJCadigan
gregclarycnn,168281322,https://twitter.com/gregclarycnn
jsbraun,3339861,https://twitter.com/jsbraun
DanaBashCNN,108617810,https://twitter.com/DanaBashCNN
LeslieABentz,21401086,https://twitter.com/LeslieABentz
PamelaBrownCNN,63188873,https://twitter.com/PamelaBrownCNN
cnnfiegel,27719762,https://twitter.com/cnnfiegel
DWGracey,1485939590,https://twitter.com/DWGracey
KristenhCNN,20696334,https://twitter.com/KristenhCNN
MatthewHilk,58208587,https://twitter.com/MatthewHilk
joejohnscnn,119245817,https://twitter.com/joejohnscnn
mj_lee,139738464,https://twitter.com/mj_lee
jclopezcnn,113120733,https://twitter.com/jclopezcnn
Rene_MarshCNN,30722743,https://twitter.com/Rene_MarshCNN
moody,18963809,https://twitter.com/moody
ryanobles,16625082,https://twitter.com/ryanobles
moralesisa,21699606,https://twitter.com/moralesisa
SteveNannes,92567483,https://twitter.com/SteveNannes
evanperez,92544900,https://twitter.com/evanperez
CNNKatelyn,2680112214,https://twitter.com/CNNKatelyn
CNNWade,743964506,https://twitter.com/CNNWade
AlexRosenCNN,2670188232,https://twitter.com/AlexRosenCNN
BrianRokusCNN,770220331,https://twitter.com/BrianRokusCNN
MarkIronsMedia,807212926104911872,https://twitter.com/MarkIronsMedia
CassieSpodak,255620328,https://twitter.com/CassieSpodak
reynoldscat,16529160,https://twitter.com/reynoldscat
Kimja91,351077088,https://twitter.com/Kimja91
Jennasakwa,131630960,https://twitter.com/Jennasakwa
DuncanMcKenna,411742797,https://twitter.com/DuncanMcKenna
1wardo,16021038,https://twitter.com/1wardo
markknoller,31127446,https://twitter.com/markknoller
jeffpeguescbs,1552776714,https://twitter.com/jeffpeguescbs
staceyssamuel,17331053,https://twitter.com/staceyssamuel
Mosheh,14153020,https://twitter.com/Mosheh
Scott_McCrary,370763752,https://twitter.com/Scott_McCrary
matthadro,113039126,https://twitter.com/matthadro
stevenportnoy,24703826,https://twitter.com/stevenportnoy
CBSDianaQuinn,2596513261,https://twitter.com/CBSDianaQuinn
SamLitzinger,191964162,https://twitter.com/SamLitzinger
CaraKorte,470540654,https://twitter.com/CaraKorte
60MinutesHoward,390346559,https://twitter.com/60MinutesHoward
timpperry91,3362553969,https://twitter.com/timpperry91
WyattGoolsby,47852292,https://twitter.com/WyattGoolsby
MonicaTrauzzi,56475632,https://twitter.com/MonicaTrauzzi
MarkWalzCNN,386781145,https://twitter.com/MarkWalzCNN
jeffzeleny,85131054,https://twitter.com/jeffzeleny
Deena_CNN,58926235,https://twitter.com/Deena_CNN
markgjudge,328457819,https://twitter.com/markgjudge
alisonnews,33995378,https://twitter.com/alisonnews
grayjustin,29077161,https://twitter.com/grayjustin
CNSCrane,309677012,https://twitter.com/CNSCrane
CatSzeltner,91010836,https://twitter.com/CatSzeltner
rfoster18,598731841,https://twitter.com/rfoster18
JenGriffinFNC,885149478,https://twitter.com/JenGriffinFNC
MikeEmanuelFox,129879105,https://twitter.com/MikeEmanuelFox
kevincorke,33908800,https://twitter.com/kevincorke
tteminWFED,17845212,https://twitter.com/tteminWFED
ShannonBream,18983793,https://twitter.com/ShannonBream
MattFirewall,2321131076,https://twitter.com/MattFirewall
JennBFoxNewsDC,109030713,https://twitter.com/JennBFoxNewsDC
Jenniferisms,107443640,https://twitter.com/Jenniferisms
SimonMarksFSN,15486163,https://twitter.com/SimonMarksFSN
lwolfe_wfed,39580081,https://twitter.com/lwolfe_wfed
jkbuchholz,36483962,https://twitter.com/jkbuchholz
finnygo,19455864,https://twitter.com/finnygo
RMSilverman,898527536,https://twitter.com/RMSilverman
amyefenton,249447466,https://twitter.com/amyefenton
KristinFisher,16336098,https://twitter.com/KristinFisher
BlakeBurman,61200555,https://twitter.com/BlakeBurman
NinaMariaPotts,339728383,https://twitter.com/NinaMariaPotts
DC_mcaleese,338472722,https://twitter.com/DC_mcaleese
jserbuWFED,237853203,https://twitter.com/jserbuWFED
KaterinaErbiti,1098306854,https://twitter.com/KaterinaErbiti
DianaOlick,191250884,https://twitter.com/DianaOlick
EllenVdM,143200053,https://twitter.com/EllenVdM
diannaheitz,164383046,https://twitter.com/diannaheitz
JDiamond1,407396556,https://twitter.com/JDiamond1
HilaryKrieger,515562132,https://twitter.com/HilaryKrieger
MichLKosinski,303898942,https://twitter.com/MichLKosinski
Alli_Brennan,139574248,https://twitter.com/Alli_Brennan
elenacisella,17424082,https://twitter.com/elenacisella
brikeilarcnn,46817943,https://twitter.com/brikeilarcnn
rebekahmetzler,172979014,https://twitter.com/rebekahmetzler
StephanieDhue,21660877,https://twitter.com/StephanieDhue
DaniellaMicaela,1132012321,https://twitter.com/DaniellaMicaela
AthenaCNN,57751453,https://twitter.com/AthenaCNN
LaurettaBrown6,2385642348,https://twitter.com/LaurettaBrown6
TweetingGeet,345786040,https://twitter.com/TweetingGeet
jenbuesinger,125212215,https://twitter.com/jenbuesinger
PeterHamby,5336752,https://twitter.com/PeterHamby
CNNFieldSuper,568311929,https://twitter.com/CNNFieldSuper
jzieglerWTOP,425112739,https://twitter.com/jzieglerWTOP
EamonJavers,257661436,https://twitter.com/EamonJavers
cnnross,35629711,https://twitter.com/cnnross
DavidChalian,21251668,https://twitter.com/DavidChalian
MaryKayMallonee,291661579,https://twitter.com/MaryKayMallonee
FRoseDC,19079225,https://twitter.com/FRoseDC
CBSguy,59822164,https://twitter.com/CBSguy
greta,16031927,https://twitter.com/greta
GloriaBorger,769641584,https://twitter.com/GloriaBorger
ErinMcPike,35027698,https://twitter.com/ErinMcPike
cnnadam,103022243,https://twitter.com/cnnadam
MichelleMacTV,519819758,https://twitter.com/MichelleMacTV
Schineman,54745529,https://twitter.com/Schineman
joyindc,486911734,https://twitter.com/joyindc
AshleyKoerber,280744987,https://twitter.com/AshleyKoerber
jchappellcnn,19409109,https://twitter.com/jchappellcnn
AbbyDanzig,16338087,https://twitter.com/AbbyDanzig
imolinarescnn,185349940,https://twitter.com/imolinarescnn
Echmurak,278056519,https://twitter.com/Echmurak
burlij,164702019,https://twitter.com/burlij
adamplevy,89222289,https://twitter.com/adamplevy
NoahGrayCNN,17243733,https://twitter.com/NoahGrayCNN
Acosta,22771961,https://twitter.com/Acosta
ajjaffe,28049266,https://twitter.com/ajjaffe
MelissaGiaimo,272087231,https://twitter.com/MelissaGiaimo
Kevinliptakcnn,41704988,https://twitter.com/Kevinliptakcnn
NickKalmanFN,486900479,https://twitter.com/NickKalmanFN
skapadiaDC,1603818872,https://twitter.com/skapadiaDC
SamFeistCNN,47694175,https://twitter.com/SamFeistCNN
natalielylo,2837760161,https://twitter.com/natalielylo
SkyAwada,713773321037471745,https://twitter.com/SkyAwada
BillHemmer,21010214,https://twitter.com/BillHemmer
PHymson,147197929,https://twitter.com/PHymson
KilloughCNN,16261513,https://twitter.com/KilloughCNN
scottbronstein,21858042,https://twitter.com/scottbronstein
jerharlanCNN,197679007,https://twitter.com/jerharlanCNN
LesaJansenFNC,23387224,https://twitter.com/LesaJansenFNC
haddadmedia,17354416,https://twitter.com/haddadmedia
JohnKingCNN,30043495,https://twitter.com/JohnKingCNN
edhenry,16157855,https://twitter.com/edhenry
JaredHalpern,18611256,https://twitter.com/JaredHalpern
abdallahcnn,492221762,https://twitter.com/abdallahcnn
GriffJenkins,346781925,https://twitter.com/GriffJenkins
Arianedevogue,119107959,https://twitter.com/Arianedevogue
ElizLanders,263473924,https://twitter.com/ElizLanders
gobeckygo,160838628,https://twitter.com/gobeckygo
CNBCBria,607549612,https://twitter.com/CNBCBria
SoooWhitty,38353028,https://twitter.com/SoooWhitty
PennyStarrDC,71695099,https://twitter.com/PennyStarrDC
cnnjamie,27863062,https://twitter.com/cnnjamie
AlliemalCNN,46309291,https://twitter.com/AlliemalCNN
stevebruskCNN,14620003,https://twitter.com/stevebruskCNN
Kj_Sloan,194674853,https://twitter.com/Kj_Sloan
angiey202,448092850,https://twitter.com/angiey202
khinman,14873782,https://twitter.com/khinman
laurenemeier,829341798,https://twitter.com/laurenemeier
eliselabottcnn,18996618,https://twitter.com/eliselabottcnn
tomforemancnn,16132336,https://twitter.com/tomforemancnn
JohnJHarwood,259395895,https://twitter.com/JohnJHarwood
BonewaldatFox,2351783544,https://twitter.com/BonewaldatFox
wolfblitzer,71294756,https://twitter.com/wolfblitzer
LauraKoran,121539446,https://twitter.com/LauraKoran
gelles,14075981,https://twitter.com/gelles
jjsimonCNN,193484225,https://twitter.com/jjsimonCNN
jheckmanWFED,3064430963,https://twitter.com/jheckmanWFED
SaraMurray,18637396,https://twitter.com/SaraMurray
BDOH,15821824,https://twitter.com/BDOH
MsRaquelScott,1708422475,https://twitter.com/MsRaquelScott
pallavireports,30385911,https://twitter.com/pallavireports
ChapmanCNSNews,158200959,https://twitter.com/ChapmanCNSNews
vplus,14560097,https://twitter.com/vplus
newscheo,93672613,https://twitter.com/newscheo
jeddrosche,15320854,https://twitter.com/jeddrosche
CheriePaq,182502065,https://twitter.com/CheriePaq
jaketapper,14529929,https://twitter.com/jaketapper
john_bevir,19710414,https://twitter.com/john_bevir
jackiefell,44295213,https://twitter.com/jackiefell
moconnellWFED,419592311,https://twitter.com/moconnellWFED
ashleyalderman,28031398,https://twitter.com/ashleyalderman
mallory_t,21596521,https://twitter.com/mallory_t
jodieraecurtis,128283647,https://twitter.com/jodieraecurtis
teddyschleifer,286432534,https://twitter.com/teddyschleifer
cngrssnl,1051474788,https://twitter.com/cngrssnl
PoloSandovalCNN,2364627817,https://twitter.com/PoloSandovalCNN
deirdrewalshcnn,103087786,https://twitter.com/deirdrewalshcnn
JakeBGibson,34329929,https://twitter.com/JakeBGibson
CharlittaR,14451350,https://twitter.com/CharlittaR
LaurieUreCNN,103022986,https://twitter.com/LaurieUreCNN
ASanfuentes,13724572,https://twitter.com/ASanfuentes
SunlenSerfaty,57768217,https://twitter.com/SunlenSerfaty
zbyronwolf,59130623,https://twitter.com/zbyronwolf
msomersWFED,3449843548,https://twitter.com/msomersWFED
PatrickTerpstra,35616518,https://twitter.com/PatrickTerpstra
pdoocy,56749157,https://twitter.com/pdoocy
SusiePinto,420095434,https://twitter.com/SusiePinto
DoreyScheimer,269579030,https://twitter.com/DoreyScheimer
RochelleReports,245873194,https://twitter.com/RochelleReports
phuffdaddy,26061966,https://twitter.com/phuffdaddy
jamiedupree,27882000,https://twitter.com/jamiedupree
FQuadrani,177321850,https://twitter.com/FQuadrani
petermorrisCNN,213705184,https://twitter.com/petermorrisCNN
RichEdsonDC,213767250,https://twitter.com/RichEdsonDC
tuoheyk,18402425,https://twitter.com/tuoheyk
lturrell16,18243127,https://twitter.com/lturrell16
nogryskoWFED,3461197721,https://twitter.com/nogryskoWFED
AndreaArenas1,36259543,https://twitter.com/AndreaArenas1
danielryntjes,16798126,https://twitter.com/danielryntjes
stevenpsloan,108189101,https://twitter.com/stevenpsloan
PrestonCNN,18097821,https://twitter.com/PrestonCNN
barbarastarrcnn,119048111,https://twitter.com/barbarastarrcnn
jmoorheadcnn,2614546850,https://twitter.com/jmoorheadcnn
PeterBarnesTV,630719458,https://twitter.com/PeterBarnesTV
Shoegazr13,257786838,https://twitter.com/Shoegazr13
JuddBerger,1973358372,https://twitter.com/JuddBerger
bmlfh,2174708618,https://twitter.com/bmlfh
LaceyHalpern,17152216,https://twitter.com/LaceyHalpern
AmandaReportsDC,282221898,https://twitter.com/AmandaReportsDC
NickTosoCNN,577236899,https://twitter.com/NickTosoCNN
llarsonWFED,17645174,https://twitter.com/llarsonWFED
tru62,197630957,https://twitter.com/tru62
melaniebuck,30223587,https://twitter.com/melaniebuck
mcauseyWFED,50452463,https://twitter.com/mcauseyWFED
jmillerWFED,19052248,https://twitter.com/jmillerWFED
KylaCampbellDC,388297236,https://twitter.com/KylaCampbellDC
streitfeldcnn,21787198,https://twitter.com/streitfeldcnn
meredithdake,109979045,https://twitter.com/meredithdake
Sylvia_Hall,18219197,https://twitter.com/Sylvia_Hall
jimsciutto,22129280,https://twitter.com/jimsciutto
brennawilliams,38855868,https://twitter.com/brennawilliams
StevenPageCNN,617382180,https://twitter.com/StevenPageCNN
bboughtonFNC,16345832,https://twitter.com/bboughtonFNC
gregorywallace,310128043,https://twitter.com/gregorywallace
diruggiero,21199835,https://twitter.com/diruggiero
brucebecker1,244146565,https://twitter.com/brucebecker1
samtayrey,3372900155,https://twitter.com/samtayrey
BrianToddCNN,104851609,https://twitter.com/BrianToddCNN
RachelSmolkin,423804754,https://twitter.com/RachelSmolkin
jason_donner,783887263,https://twitter.com/jason_donner
BretBaier,18646108,https://twitter.com/BretBaier
CarrieStevenson,198935531,https://twitter.com/CarrieStevenson
KateFisherTV,116197447,https://twitter.com/KateFisherTV
ladaisia,57057314,https://twitter.com/ladaisia
imsooverzat,788503268,https://twitter.com/imsooverzat
toddzwillich,28902856,https://twitter.com/toddzwillich
Lilmass,175018586,https://twitter.com/Lilmass
dolmar6,2461892725,https://twitter.com/dolmar6
ElizabethPrann,12577632,https://twitter.com/ElizabethPrann
Fox5Wagner,259711925,https://twitter.com/Fox5Wagner
AllysonRaeWx,325050734,https://twitter.com/AllysonRaeWx
DwigginsDion,1660785085,https://twitter.com/DwigginsDion
thomasjamestj,124054410,https://twitter.com/thomasjamestj
EJia9,15147900,https://twitter.com/EJia9
cheeseheadphoto,2163589963,https://twitter.com/cheeseheadphoto
DebraAlfarone,18577789,https://twitter.com/DebraAlfarone
TenaciousTopper,28496589,https://twitter.com/TenaciousTopper
PeaceProducer,21926581,https://twitter.com/PeaceProducer
GrahamReports,3205569940,https://twitter.com/GrahamReports
ericmorrow11,146882416,https://twitter.com/ericmorrow11
ShawnYancy,17013621,https://twitter.com/ShawnYancy
JeffreyCridland,72910247,https://twitter.com/JeffreyCridland
wusa9blord,2976622546,https://twitter.com/wusa9blord
BillStarks,23770932,https://twitter.com/BillStarks
jkeene1957,70814224,https://twitter.com/jkeene1957
JamesHallman,225024032,https://twitter.com/JamesHallman
TomSportsWUSA9,19140465,https://twitter.com/TomSportsWUSA9
MaureenUmehFox5,608419783,https://twitter.com/MaureenUmehFox5
mullenphoto,179615725,https://twitter.com/mullenphoto
LarryMillerTV,62820593,https://twitter.com/LarryMillerTV
JohnMogor,1074766820,https://twitter.com/JohnMogor
tiffanymullon,162088517,https://twitter.com/tiffanymullon
KurtBrooksWUSA,209621875,https://twitter.com/KurtBrooksWUSA
NadiaPflaum,1651286809,https://twitter.com/NadiaPflaum
IanPannell,146449017,https://twitter.com/IanPannell
vbagate,15040812,https://twitter.com/vbagate
lizscheltens,81432456,https://twitter.com/lizscheltens
DLHNews5,540296515,https://twitter.com/DLHNews5
JasonCalvi,30977516,https://twitter.com/JasonCalvi
